,Age,BusinessTravel,EducationField,EnvironmentSatisfaction,JobInvolvement,JobRole,JobSatisfaction,MaritalStatus,NumCompaniesWorked,OverTime,TotalWorkingYears,TrainingTimesLastYear,YearsAtCompany,YearsInCurrentRole,YearsWithCurrManager,Attrition
0,41,2,1,1,2,7,3,2,8,1,8,0,6,4,5,1
1,49,1,1,2,1,6,1,1,1,0,10,3,10,7,7,0
2,37,2,4,3,1,2,2,2,6,1,7,3,0,0,0,1
3,33,1,1,3,2,6,2,1,1,1,8,3,8,7,0,0
4,27,2,3,0,2,2,1,1,9,0,6,3,2,2,2,0
5,32,1,1,3,2,2,3,2,0,0,8,2,7,7,6,0
6,59,2,3,2,3,2,0,1,4,1,12,3,1,0,0,0
7,30,2,1,3,2,2,2,0,1,0,1,2,1,0,0,0
8,38,1,1,3,1,4,2,2,0,0,10,2,9,7,8,0
9,36,2,3,2,2,0,2,1,6,0,17,3,7,7,7,0
10,35,2,3,0,3,2,1,1,0,0,6,5,5,4,3,0
11,29,2,1,3,1,2,2,2,0,1,10,3,9,5,8,0
12,31,2,1,0,2,6,2,0,1,0,5,1,5,2,3,0
13,34,2,3,1,2,2,3,0,0,0,3,2,2,2,2,0
14,28,2,1,2,1,2,2,2,5,1,6,4,4,2,3,1
15,29,2,1,1,3,4,0,0,1,0,10,1,10,9,8,0
16,32,2,1,0,3,6,1,0,0,1,7,5,6,2,5,0
17,22,0,3,3,3,2,3,0,1,1,1,2,1,0,0,0
18,53,2,1,0,1,3,3,1,2,0,31,3,25,8,7,0
19,38,2,1,3,2,6,3,2,5,1,6,3,3,2,2,0
20,24,0,4,0,3,4,2,0,0,0,5,5,4,2,3,0
21,36,2,1,2,1,8,0,2,7,0,10,4,5,3,3,1
22,34,2,1,0,2,5,1,2,0,0,13,4,12,6,11,0
23,21,2,1,2,2,6,3,2,1,0,0,6,0,0,0,0
24,34,2,3,1,2,6,0,2,2,0,8,2,4,2,3,1
25,53,2,4,2,2,3,2,0,4,0,26,3,14,13,8,0
26,32,1,1,1,0,6,0,2,1,1,10,5,10,2,7,1
27,42,2,2,2,2,7,1,1,0,0,10,2,9,7,2,0
28,44,2,3,0,1,0,3,1,3,0,24,4,22,6,17,0
29,46,2,2,1,2,3,0,2,3,0,22,2,2,2,1,0
30,33,2,3,2,2,2,3,2,4,0,7,3,1,1,0,0
31,44,2,4,3,2,0,3,1,2,1,9,5,4,2,3,0
32,30,2,3,3,1,2,2,2,1,0,10,5,10,0,8,0
33,39,2,5,3,2,8,3,1,3,0,19,6,1,0,0,1
34,24,2,3,1,2,6,3,1,2,1,6,2,2,0,0,1
35,43,2,3,3,3,6,2,0,1,0,6,3,5,3,4,0
36,50,2,2,0,1,8,2,1,1,1,3,2,3,2,2,1
37,35,2,2,3,2,8,3,1,1,0,2,3,2,2,2,0
38,36,2,1,1,1,6,0,1,9,1,6,3,1,1,0,0
39,33,1,1,2,3,7,0,1,2,0,10,3,5,3,3,0
40,35,2,4,2,2,2,3,0,1,0,1,3,1,0,0,0
41,27,2,1,3,2,2,0,0,1,0,1,6,1,0,0,0
42,26,2,1,0,0,2,2,2,1,0,1,2,1,0,1,1
43,27,1,1,3,2,7,2,2,1,0,9,0,9,8,7,0
44,30,1,3,2,2,2,3,2,1,0,12,2,12,8,7,0
45,41,2,5,1,2,5,2,1,1,0,23,0,22,15,8,1
46,34,0,2,1,2,7,2,2,0,0,10,2,9,5,7,0
47,37,2,1,1,2,6,1,1,4,0,8,1,1,0,0,0
48,46,1,2,0,2,7,3,2,4,1,14,4,9,6,8,0
49,35,2,1,3,3,2,3,1,1,0,1,2,1,0,1,0
50,48,2,1,0,1,2,2,2,9,1,23,2,1,0,0,1
51,28,2,5,2,2,2,2,2,1,1,2,3,2,2,2,1
52,44,2,2,1,2,7,0,0,5,1,9,2,4,3,3,0
53,35,0,3,2,1,0,0,1,2,1,10,3,4,0,3,0
54,26,2,2,2,1,7,3,1,7,1,5,2,2,2,0,0
55,33,1,1,0,2,5,3,2,1,1,15,1,15,14,12,0
56,35,1,1,1,2,7,0,1,1,0,9,3,9,8,8,0
57,35,2,3,2,2,2,0,1,3,1,4,3,2,2,2,0
58,31,2,1,3,2,2,3,0,3,0,10,3,7,7,7,0
59,37,2,1,0,1,4,2,0,1,0,7,2,7,5,7,0
60,32,2,3,0,2,4,3,1,1,1,9,3,9,8,8,0
61,38,1,1,3,2,2,3,2,1,0,10,2,10,3,9,0
62,50,2,3,1,1,5,2,0,5,1,29,2,27,3,8,0
63,59,2,1,0,2,7,0,2,7,0,28,3,21,16,9,0
64,36,2,5,2,2,0,2,0,1,0,17,2,17,14,8,0
65,55,2,3,3,2,3,2,0,2,1,21,2,5,0,2,0
66,36,1,1,1,1,4,1,2,1,0,6,3,6,5,3,0
67,45,2,1,1,2,6,0,0,2,0,25,2,1,0,0,0
68,35,1,3,1,2,6,0,1,4,0,5,2,3,2,2,0
69,36,2,3,3,1,6,2,1,0,1,2,0,1,0,0,1
70,59,1,1,0,1,7,2,2,7,0,20,2,4,3,3,0
71,29,2,1,2,2,6,1,1,0,0,6,3,5,4,4,0
72,31,2,3,2,2,6,1,2,1,0,1,4,1,1,0,0
73,32,2,1,1,2,6,1,1,1,0,10,3,10,4,9,0
74,36,2,1,1,3,2,3,1,3,0,5,3,1,0,0,0
75,31,2,1,2,2,4,3,2,1,0,11,2,11,7,8,0
76,35,2,2,2,1,7,0,2,0,0,16,2,15,13,8,0
77,45,2,4,3,2,5,0,1,4,1,17,3,0,0,0,0
78,37,2,3,0,2,5,2,2,4,0,16,3,5,2,2,0
79,46,2,3,1,2,1,1,0,8,1,16,2,4,2,2,0
80,30,2,1,3,1,2,3,1,1,1,10,1,10,8,0,0
81,35,2,3,1,1,6,2,2,1,0,6,3,6,4,4,0
82,55,2,1,0,2,7,3,1,3,0,24,4,1,0,0,0
83,38,0,3,1,0,6,3,0,7,1,17,3,13,11,9,0
84,34,2,3,0,2,4,1,1,1,0,5,2,5,2,3,0
85,56,2,1,3,0,4,3,2,4,0,37,3,6,4,2,0
86,23,2,5,2,2,8,0,0,3,0,3,3,0,0,0,0
87,51,2,1,3,2,2,3,1,3,0,10,4,4,2,3,0
88,30,2,1,2,1,0,3,1,1,0,11,3,11,10,8,0
89,46,2,3,2,1,7,3,2,1,0,9,3,9,8,7,1
90,40,1,1,2,1,0,1,1,1,0,22,3,22,3,11,0
91,51,2,2,2,2,7,3,2,0,1,11,2,10,7,0,0
92,30,2,3,2,1,7,1,0,1,1,11,4,11,8,7,0
93,46,1,3,2,1,0,0,1,2,1,21,5,10,9,5,0
94,32,2,3,1,2,7,2,2,1,0,12,0,11,8,7,0
95,54,2,5,0,2,5,2,1,9,0,16,5,4,3,3,0
96,24,2,4,0,2,7,2,1,0,0,4,2,3,2,2,0
97,28,0,3,1,2,7,2,1,1,0,5,3,5,4,4,0
98,58,2,3,3,2,7,2,2,0,0,38,1,37,10,8,0
99,44,0,3,1,2,2,1,1,4,0,17,3,3,2,2,0
100,37,2,0,2,2,1,0,0,4,1,7,3,3,2,2,1
101,32,2,1,3,2,6,0,2,1,0,1,2,1,0,0,0
102,20,1,1,3,1,2,3,2,1,1,1,5,1,0,0,1
103,34,2,4,0,2,6,2,2,1,0,16,3,16,13,10,0
104,37,0,1,2,1,0,3,0,5,0,17,2,1,0,0,0
105,59,0,0,2,1,3,3,1,9,0,30,3,3,2,2,0
106,50,1,1,0,2,5,1,1,3,1,28,1,8,3,7,0
107,25,2,2,2,1,7,2,2,1,1,6,1,6,4,3,1
108,25,2,3,3,1,6,3,1,1,0,2,2,2,2,1,0
109,22,2,3,1,2,2,3,2,1,0,1,5,0,0,0,0
110,51,1,3,0,1,0,0,2,3,0,23,1,13,12,8,0
111,34,1,1,0,0,2,2,2,1,1,9,3,9,7,6,1
112,54,0,0,3,3,3,3,2,2,1,23,3,5,3,4,0
113,24,2,1,1,2,2,2,1,0,0,6,2,5,3,2,0
114,34,2,1,2,1,6,1,0,6,0,12,3,1,0,0,0
115,37,2,1,2,2,7,3,2,2,0,12,3,5,3,3,0
116,34,2,3,2,1,3,0,2,2,0,14,6,11,10,8,0
117,36,1,5,1,2,7,3,1,0,0,10,6,9,7,8,0
118,36,2,1,0,2,2,3,0,5,0,7,2,1,0,0,0
119,43,1,1,2,2,3,3,1,1,1,25,3,25,12,12,0
120,30,1,1,0,0,6,2,0,1,0,10,2,10,7,9,0
121,33,0,2,2,2,7,1,1,0,0,8,2,7,7,7,0
122,56,2,1,1,2,6,1,1,9,1,7,2,5,4,3,1
123,51,2,1,0,2,5,2,2,7,0,23,5,20,18,15,0
124,31,2,1,1,0,7,2,1,4,1,12,3,7,7,7,1
125,26,2,4,2,1,6,1,1,1,0,5,3,5,4,3,0
126,58,2,3,3,2,0,3,1,1,0,40,3,40,10,6,1
127,19,2,2,3,2,8,2,2,1,1,0,2,0,0,0,1
128,22,2,5,2,2,2,3,1,0,0,3,2,2,1,1,0
129,49,2,3,2,2,4,0,1,1,0,16,2,15,11,11,0
130,43,1,3,1,3,6,2,2,4,0,18,2,3,2,2,0
131,50,1,2,2,2,7,3,2,4,0,16,3,2,2,1,0
132,31,2,1,1,0,7,2,1,3,1,4,2,2,2,2,1
133,41,2,1,2,2,7,2,0,3,1,12,2,9,7,7,0
134,26,2,1,2,2,1,2,1,1,0,8,3,8,7,7,0
135,36,2,3,1,2,4,1,0,6,0,7,0,3,2,1,0
136,51,1,1,0,0,4,3,2,2,0,18,2,4,2,3,1
137,39,2,1,3,1,7,2,1,4,0,17,1,15,11,9,0
138,25,2,1,0,1,7,2,1,2,0,6,3,2,2,2,0
139,30,2,0,2,2,1,3,1,0,1,12,2,11,9,7,0
140,32,2,3,0,2,2,0,2,7,0,10,2,5,4,4,1
141,45,2,3,2,2,6,3,2,5,0,9,2,6,5,3,0
142,38,2,5,3,2,6,2,2,3,1,19,2,3,2,2,0
143,30,2,1,0,2,6,2,2,1,0,5,4,5,4,4,0
144,32,1,3,3,0,7,3,0,0,0,9,2,8,7,7,0
145,30,2,5,3,2,6,0,0,5,0,8,3,3,2,2,0
146,30,2,3,1,1,2,3,2,0,0,6,3,5,3,2,0
147,41,1,1,3,1,3,0,0,4,0,21,2,7,6,7,0
148,41,2,1,2,2,2,0,1,2,0,7,2,5,0,4,0
149,19,2,3,1,2,2,1,2,1,0,1,3,1,0,0,0
150,40,1,3,1,2,6,1,0,1,0,20,2,20,7,13,0
151,35,2,2,2,2,7,1,1,1,0,10,3,10,8,6,0
152,53,2,2,1,2,8,2,1,2,1,13,3,7,7,5,0
153,45,2,1,1,2,2,1,0,8,0,20,2,17,9,15,0
154,32,1,2,1,2,7,3,2,1,0,9,2,9,8,7,0
155,29,0,5,3,2,4,2,1,1,0,10,1,10,7,9,0
156,51,2,3,1,1,4,2,1,2,0,10,2,1,0,0,0
157,58,2,3,1,1,6,1,1,4,1,9,3,1,0,0,0
158,40,2,2,2,1,7,3,1,7,0,15,2,12,11,11,0
159,34,1,2,2,2,8,2,1,6,0,6,3,4,3,2,0
160,22,2,3,2,2,6,3,1,1,0,2,6,2,2,2,0
161,27,0,3,3,2,6,1,0,6,0,6,1,2,2,2,0
162,28,2,3,2,2,6,3,1,1,0,5,2,5,2,2,0
163,57,2,1,2,3,0,3,0,3,1,12,2,5,3,4,0
164,27,0,3,2,1,6,2,0,1,1,1,2,1,1,1,0
165,50,2,1,2,2,3,1,2,3,0,21,5,5,4,4,0
166,41,2,1,0,2,6,2,0,4,0,13,2,9,8,8,0
167,30,2,1,1,2,7,3,1,2,0,12,2,10,9,4,0
168,38,2,1,0,1,7,3,2,4,0,12,2,8,3,7,0
169,32,2,1,2,2,6,2,2,3,0,8,2,5,4,4,0
170,27,2,5,2,2,6,1,1,0,1,6,3,5,2,1,0
171,19,1,5,2,0,8,0,2,0,0,1,5,0,0,0,1
172,36,1,3,3,2,2,1,2,4,0,13,3,8,7,2,0
173,30,0,3,2,2,2,0,0,1,0,12,4,12,9,10,0
174,45,2,1,2,2,7,0,0,4,1,9,3,5,4,3,0
175,56,2,1,2,2,6,0,0,4,1,19,3,2,2,2,0
176,33,2,1,2,2,6,3,2,0,0,4,2,3,1,2,0
177,19,2,1,1,1,2,3,2,1,0,1,3,1,0,0,1
178,46,2,2,1,2,7,0,0,1,0,24,2,24,13,7,0
179,38,2,1,2,2,2,3,2,1,0,2,3,2,2,1,0
180,31,2,3,2,2,6,3,1,8,1,7,0,4,2,2,0
181,34,2,3,3,2,6,1,2,2,0,9,3,3,2,2,0
182,41,2,2,1,2,8,1,2,1,1,4,5,4,3,2,1
183,50,2,3,2,1,2,2,1,2,0,5,2,3,2,2,0
184,53,2,3,3,3,4,0,0,1,0,5,3,4,2,3,0
185,33,2,3,3,2,6,1,1,1,0,8,5,8,7,6,0
186,40,2,3,3,2,3,2,1,1,0,21,2,20,8,9,0
187,55,2,3,2,3,5,1,2,8,0,36,3,24,15,15,0
188,34,1,1,3,1,4,2,1,1,0,10,2,10,9,9,0
189,51,2,3,3,2,0,1,2,3,0,21,6,7,7,0,0
190,52,2,1,2,1,3,2,1,0,0,34,5,33,18,9,0
191,27,2,3,3,2,6,1,2,1,0,7,2,7,7,3,0
192,35,2,1,1,1,4,2,1,3,1,8,1,1,0,1,1
193,43,0,3,3,3,6,3,0,4,0,7,3,5,4,2,0
194,45,0,3,0,1,3,3,1,9,0,22,1,20,8,8,0
195,37,2,1,1,3,6,0,1,1,1,8,3,8,7,7,0
196,35,1,3,1,2,2,1,2,5,0,10,5,6,2,2,0
197,42,0,3,2,2,4,2,0,2,0,11,5,5,3,2,0
198,38,2,1,3,2,4,2,1,9,0,14,3,1,0,0,0
199,38,2,5,3,2,4,3,1,3,0,9,3,7,7,7,0
200,27,1,5,2,1,4,0,1,5,0,6,1,2,2,0,0
201,49,0,1,3,2,4,3,0,1,1,7,0,7,7,7,0
202,34,1,3,3,2,6,2,0,1,1,5,4,5,3,0,0
203,40,2,3,2,2,2,3,1,8,1,15,2,7,2,7,0
204,38,2,3,1,2,0,0,1,7,1,17,2,1,0,0,1
205,29,2,2,1,2,7,3,1,1,0,10,3,10,4,9,1
206,22,2,1,3,3,6,1,0,1,1,4,2,4,2,2,0
207,36,1,3,1,2,2,3,2,1,0,8,2,8,1,7,0
208,40,0,1,3,1,0,3,1,9,0,5,5,3,2,2,0
209,46,2,3,3,2,0,0,0,7,0,17,3,4,2,3,0
210,32,2,3,3,0,7,3,1,1,0,14,2,14,8,8,1
211,30,0,1,2,1,4,2,2,1,0,12,2,11,8,8,0
212,27,1,1,3,2,7,2,2,1,0,7,2,7,7,7,0
213,51,2,1,1,1,5,1,1,5,0,16,5,10,9,7,0
214,30,2,5,3,2,6,0,2,5,1,8,5,5,2,4,1
215,41,2,1,3,2,3,3,2,3,1,16,3,1,0,0,0
216,30,1,2,2,1,7,0,2,5,0,9,5,6,3,1,1
217,29,2,5,2,2,6,2,2,0,0,7,1,6,2,5,1
218,45,0,3,3,1,7,3,2,6,0,23,2,19,7,8,0
219,54,2,2,3,2,7,0,1,2,0,16,4,6,2,5,0
220,36,2,1,3,2,2,1,2,8,0,16,3,13,11,7,0
221,33,2,3,2,1,6,1,1,6,0,7,3,3,2,1,0
222,37,1,4,1,2,5,3,0,1,1,10,1,10,8,7,0
223,38,2,1,0,2,7,2,0,0,0,17,6,16,10,13,0
224,31,0,3,2,0,4,2,1,0,0,6,2,5,4,4,0
225,59,2,1,2,1,6,3,1,3,0,7,6,1,0,0,0
226,37,1,2,0,2,8,3,0,4,0,13,2,9,8,8,0
227,29,1,3,1,2,7,3,1,1,0,11,5,11,10,1,0
228,35,1,2,2,2,7,2,2,1,0,10,3,10,7,8,0
229,29,2,3,2,1,6,3,2,1,1,4,3,4,3,1,1
230,52,2,1,2,1,2,3,2,7,0,6,3,2,2,2,0
231,42,2,5,2,2,3,3,1,1,0,22,3,22,17,15,0
232,59,2,3,1,2,1,2,1,8,0,7,2,2,2,2,0
233,50,2,3,3,2,3,3,0,3,0,32,3,7,0,6,0
234,33,2,3,2,2,2,3,1,5,1,8,2,5,4,4,1
235,43,2,2,3,2,3,3,1,5,1,22,3,17,13,9,0
236,33,2,1,0,2,2,0,1,7,0,13,3,9,7,7,1
237,52,0,1,0,1,3,2,2,1,1,33,2,33,7,12,0
238,32,2,1,2,2,8,1,1,2,0,6,5,4,3,2,0
239,32,2,1,3,1,2,2,2,0,1,4,2,3,2,2,1
240,39,2,3,2,2,2,2,0,7,0,7,1,3,2,2,0
241,32,0,2,2,2,7,3,1,0,0,4,2,3,2,2,0
242,41,2,1,2,2,6,0,0,2,0,17,2,1,0,0,0
243,40,2,5,0,2,6,3,0,1,0,9,3,9,8,7,0
244,45,2,4,2,3,3,3,1,0,0,25,2,24,0,7,0
245,31,1,3,1,2,5,2,0,9,0,9,3,2,2,2,0
246,33,2,1,2,1,6,3,1,1,0,2,2,2,2,2,0
247,34,2,1,3,1,4,0,1,6,0,13,3,11,9,9,0
248,37,2,3,2,1,6,0,1,2,0,17,2,3,1,2,0
249,45,1,1,0,3,4,2,1,4,0,9,1,3,2,2,0
250,37,1,3,0,2,4,2,0,6,0,17,5,1,0,0,1
251,39,1,5,2,2,0,2,2,0,0,20,1,19,6,8,0
252,29,2,1,2,2,6,3,2,1,0,6,1,6,5,5,0
253,42,2,1,3,3,6,0,2,3,1,10,1,3,2,2,0
254,29,2,2,3,2,7,3,0,2,0,10,2,3,2,2,0
255,25,2,1,0,2,4,2,1,0,0,5,3,4,2,2,0
256,42,2,3,3,1,2,0,0,0,1,10,4,9,6,8,0
257,40,2,3,0,2,5,2,0,0,0,22,5,21,7,9,0
258,51,2,1,2,2,6,3,1,1,0,1,0,1,0,0,0
259,31,1,3,2,1,2,1,2,0,0,6,2,5,4,4,1
260,32,1,1,1,3,2,1,1,1,0,5,3,5,1,3,0
261,38,0,1,3,1,7,3,1,3,0,13,0,8,7,5,0
262,32,2,5,3,1,2,0,2,4,0,9,5,6,2,4,0
263,46,2,5,2,0,3,1,1,3,1,28,2,7,7,7,0
264,28,2,1,0,2,2,2,2,2,0,5,5,0,0,0,1
265,29,2,3,0,1,7,1,1,2,0,10,2,0,0,0,0
266,31,2,3,1,1,0,3,1,0,0,10,2,9,0,8,0
267,25,0,1,1,3,0,0,0,1,0,6,2,6,3,5,0
268,45,2,3,2,2,0,3,1,0,1,21,2,20,7,10,0
269,36,2,1,3,2,2,3,1,0,0,16,4,15,13,11,0
270,55,2,3,3,2,3,0,2,0,1,37,2,36,10,13,0
271,47,0,1,0,2,3,1,1,1,1,10,2,10,7,9,1
272,28,2,3,3,2,6,3,1,1,0,5,3,5,2,4,0
273,37,2,3,2,2,7,3,1,4,0,7,5,5,4,1,0
274,21,2,3,3,1,6,2,2,1,0,3,4,3,2,0,0
275,37,0,3,0,2,5,3,0,2,1,15,2,5,2,2,0
276,35,2,1,1,3,3,1,0,7,0,10,6,7,7,2,0
277,38,2,3,0,3,7,0,0,1,1,8,3,8,0,7,0
278,26,1,1,2,2,4,1,0,1,0,6,6,6,5,4,0
279,50,2,1,0,2,5,1,0,3,0,28,4,10,4,6,0
280,53,2,3,2,2,5,2,1,3,1,21,5,5,3,3,0
281,42,2,1,1,2,7,2,1,1,0,20,3,20,16,6,0
282,29,1,1,1,2,7,3,2,1,0,10,3,10,7,9,0
283,55,2,5,1,2,2,3,1,3,1,12,4,10,7,8,0
284,26,1,3,0,2,0,0,1,1,1,5,3,5,3,3,0
285,37,2,1,3,2,6,3,2,1,0,17,3,17,12,7,0
286,44,1,1,3,2,2,2,0,3,1,19,0,1,0,0,1
287,38,2,1,3,2,0,3,0,9,0,10,2,2,2,2,0
288,26,2,3,0,2,2,1,0,2,1,5,2,3,2,2,1
289,28,2,1,3,2,6,3,2,1,0,5,3,5,3,2,0
290,49,1,1,2,2,5,0,2,9,1,22,4,3,2,2,0
291,36,2,5,2,2,6,1,2,4,0,10,2,8,0,7,0
292,31,1,2,3,2,8,1,0,1,0,2,5,2,2,2,0
293,26,2,2,3,1,7,3,2,1,1,8,0,8,7,4,1
294,37,1,3,1,2,6,3,1,1,1,4,3,4,2,2,0
295,42,1,2,2,2,7,1,1,5,0,23,2,20,4,8,0
296,18,2,1,2,2,2,2,2,1,0,0,2,0,0,0,1
297,35,2,2,2,2,7,1,1,0,0,12,3,11,9,9,0
298,36,1,1,2,3,2,3,1,4,0,4,2,1,0,0,0
299,51,2,3,3,0,4,1,0,5,0,13,3,4,1,2,0
300,41,2,1,3,2,3,1,2,1,0,22,2,22,10,4,0
301,18,2,3,3,1,8,2,2,1,0,0,2,0,0,0,0
302,28,2,3,1,3,0,0,2,0,0,9,2,8,3,7,0
303,31,2,5,1,3,7,3,1,4,0,10,3,8,7,7,0
304,39,2,3,2,3,0,3,0,0,0,19,5,18,10,7,0
305,36,0,1,1,2,2,1,1,7,0,11,3,9,8,8,0
306,32,2,1,3,1,7,2,1,1,0,13,3,13,8,8,0
307,38,2,1,0,1,5,1,1,3,0,19,2,10,8,1,0
308,58,0,1,3,0,0,2,0,2,1,12,2,5,3,2,0
309,31,2,5,2,2,6,3,1,0,1,6,4,5,2,3,0
310,31,2,0,0,1,1,0,1,3,0,9,1,2,2,0,0
311,45,1,1,0,2,2,0,0,1,0,24,2,24,9,11,0
312,31,2,1,2,2,6,3,0,0,1,3,2,2,2,2,0
313,33,1,1,3,2,3,1,1,6,0,12,2,10,6,8,0
314,39,2,3,2,2,3,0,1,1,1,21,3,21,9,10,0
315,43,1,1,2,2,2,3,2,0,0,9,5,8,7,7,0
316,49,2,5,2,1,0,2,2,7,1,25,2,7,1,7,0
317,52,2,3,2,1,6,1,1,2,0,11,3,8,2,7,1
318,27,2,1,2,2,6,1,2,1,1,4,2,4,3,2,0
319,32,2,5,2,1,7,1,1,1,1,13,2,13,12,9,0
320,27,2,1,3,2,7,2,2,1,1,5,3,5,4,4,0
321,31,2,2,3,2,7,3,0,4,0,13,3,7,7,7,0
322,32,2,3,0,3,6,3,2,7,0,10,0,7,7,7,0
323,28,2,3,0,0,6,3,1,5,1,5,4,3,2,2,1
324,30,2,3,3,2,6,3,1,1,0,11,2,10,8,9,0
325,31,1,1,2,1,4,2,1,1,0,10,2,10,9,9,0
326,39,1,3,2,1,3,3,1,1,0,21,2,21,9,3,0
327,39,2,3,3,2,7,2,1,4,1,12,3,1,0,0,1
328,33,1,2,1,1,7,3,2,3,0,9,6,7,7,1,0
329,47,2,1,3,2,5,2,1,4,0,21,2,3,2,1,0
330,43,1,1,2,1,2,2,0,1,0,9,3,9,7,0,0
331,27,0,2,2,2,7,1,1,0,1,6,0,5,4,4,0
332,54,1,1,3,2,6,2,2,3,0,20,4,4,3,3,0
333,43,2,1,2,2,0,0,1,8,0,10,1,1,0,0,0
334,45,2,4,3,2,6,3,1,9,0,12,3,10,9,8,0
335,40,2,3,1,0,7,3,1,2,1,6,2,4,3,2,0
336,29,2,4,1,0,2,0,1,1,1,7,4,7,7,7,1
337,29,2,4,1,1,2,3,2,0,0,4,2,3,2,2,0
338,30,2,2,3,1,7,2,0,1,0,10,2,10,9,2,0
339,27,2,2,1,2,7,1,1,1,0,8,3,8,7,7,0
340,37,2,3,3,2,4,3,0,7,0,8,2,6,2,4,0
341,38,2,1,2,1,5,3,0,0,1,12,3,11,10,9,0
342,31,2,3,2,2,4,3,2,1,1,11,2,11,9,10,0
343,29,2,2,3,1,7,1,0,1,1,7,2,7,7,7,0
344,35,2,5,2,2,4,1,2,0,0,17,5,16,6,13,0
345,23,2,1,2,2,6,3,0,1,0,4,2,4,2,2,0
346,41,2,3,3,1,4,1,2,6,1,8,3,5,4,2,0
347,47,1,3,1,2,8,2,2,3,0,5,3,0,0,0,0
348,42,2,1,0,2,5,3,2,2,0,16,2,1,0,0,0
349,29,0,1,3,2,7,2,1,1,0,4,3,4,3,2,0
350,42,2,5,2,2,1,2,0,0,1,4,5,3,2,0,0
351,32,2,3,2,2,2,1,1,1,0,8,4,8,0,7,0
352,48,2,3,0,2,3,2,1,3,0,15,3,0,0,0,0
353,37,2,3,2,3,6,0,0,4,1,13,2,7,7,7,0
354,30,0,5,3,2,7,2,1,7,1,4,2,2,2,2,0
355,26,2,1,2,2,7,2,1,1,0,8,3,8,7,7,0
356,42,2,4,0,1,0,3,2,3,0,14,6,1,0,0,0
357,21,1,5,0,1,8,1,2,1,1,3,3,3,2,2,1
358,36,0,3,3,2,7,3,2,4,0,7,6,1,0,0,0
359,36,1,3,0,1,7,3,1,4,0,16,2,13,9,12,0
360,57,2,3,3,2,0,2,1,2,0,15,2,3,2,2,0
361,40,2,1,3,3,2,2,1,3,1,10,3,7,7,7,0
362,21,0,3,0,2,8,3,2,1,0,3,3,3,2,2,0
363,33,2,2,3,2,8,2,2,1,1,1,2,1,0,0,1
364,37,2,3,2,2,2,0,1,6,0,17,3,5,4,3,0
365,46,0,3,2,2,4,2,1,2,0,7,2,1,0,0,0
366,41,1,2,0,2,7,1,2,1,0,8,5,8,7,7,1
367,50,2,5,3,1,0,3,2,6,0,20,2,4,3,3,0
368,40,2,2,2,1,7,2,1,2,1,8,6,6,4,0,1
369,31,2,1,2,1,6,1,2,0,1,3,5,2,2,2,0
370,21,2,1,2,3,8,1,2,1,0,1,0,1,0,0,1
371,29,2,1,3,2,6,3,2,9,0,6,4,3,2,2,0
372,35,2,1,2,1,0,1,2,9,0,10,5,1,1,0,0
373,27,2,3,3,2,2,1,0,1,0,5,2,5,2,4,0
374,28,2,1,1,2,7,3,2,1,0,7,1,7,5,7,0
375,49,2,4,1,1,0,2,2,8,0,26,2,5,2,0,0
376,51,2,1,2,2,7,3,1,4,0,18,2,7,7,7,0
377,36,2,1,3,2,6,2,1,4,0,6,3,2,2,2,0
378,34,0,2,0,3,7,3,2,8,1,9,3,5,2,4,1
379,55,2,1,2,2,3,3,2,2,1,30,2,5,4,2,0
380,24,2,2,3,2,7,2,0,1,1,5,2,5,2,3,0
381,30,2,5,2,2,8,1,1,1,0,1,3,1,0,0,0
382,26,1,5,2,2,6,0,2,0,0,7,2,6,4,4,1
383,22,2,3,0,2,6,1,1,1,0,2,1,2,1,2,0
384,36,2,3,1,1,7,2,1,1,0,10,2,10,9,0,0
385,30,1,5,2,2,6,3,2,9,1,3,4,1,0,0,1
386,37,2,1,3,2,2,0,0,1,0,18,2,18,7,17,0
387,40,2,2,3,2,7,1,0,7,0,8,5,5,4,3,0
388,42,2,1,1,2,2,0,0,3,0,8,5,5,2,2,0
389,37,2,1,2,2,4,1,2,2,1,18,2,1,0,1,0
390,43,2,1,0,1,5,1,0,1,0,25,3,25,10,9,0
391,40,2,3,1,1,2,2,1,6,0,20,3,1,0,0,0
392,54,2,3,0,2,5,0,1,4,0,24,4,4,2,2,0
393,34,0,2,2,2,7,2,1,9,0,6,3,3,2,2,0
394,31,2,3,1,2,4,0,1,1,0,13,5,13,10,12,0
395,43,1,3,3,2,2,3,1,7,0,8,1,3,2,2,0
396,43,2,4,2,2,0,2,0,4,1,8,3,5,2,2,0
397,25,2,1,1,1,7,3,2,1,1,5,3,5,4,3,0
398,37,0,3,1,2,6,2,1,3,1,15,2,13,11,7,0
399,31,2,1,3,1,2,0,1,1,0,4,3,4,2,2,0
400,39,1,1,1,2,3,2,0,1,1,21,3,21,8,6,0
401,56,1,1,2,3,7,0,1,9,0,36,0,7,7,7,0
402,30,2,5,1,2,7,2,2,0,0,6,6,5,4,4,0
403,41,2,2,1,3,7,0,1,1,0,10,2,10,7,7,0
404,28,2,3,2,2,2,0,0,1,0,10,2,10,0,8,0
405,25,2,3,0,2,2,0,1,5,0,6,5,2,2,2,1
406,52,2,3,3,1,4,2,1,2,1,28,4,5,4,4,0
407,45,2,1,0,2,6,3,1,3,0,8,3,2,2,2,0
408,52,2,1,3,2,3,3,1,2,0,31,2,5,2,4,0
409,42,1,1,0,2,6,2,0,2,0,19,3,5,4,2,0
410,30,2,1,2,0,4,3,2,2,0,11,2,5,4,2,0
411,60,2,1,0,2,3,0,1,5,0,33,5,29,8,10,0
412,46,2,3,2,2,4,2,0,2,0,19,5,10,7,8,0
413,42,1,5,3,1,0,3,1,0,0,7,4,6,5,4,0
414,24,2,5,0,2,8,1,2,1,1,6,4,5,3,4,1
415,34,1,2,3,0,8,2,0,0,0,3,3,2,2,0,1
416,38,1,1,3,2,2,3,1,1,1,1,3,1,0,0,0
417,40,2,1,2,2,3,2,1,0,0,21,2,20,15,12,0
418,26,2,1,0,2,6,3,0,1,0,3,3,3,2,2,0
419,30,0,1,2,2,2,3,1,4,0,9,3,5,3,4,0
420,29,2,3,1,1,5,2,1,1,0,10,2,10,2,7,0
421,29,2,5,2,1,6,1,1,5,0,6,2,2,2,1,1
422,19,2,5,0,1,1,3,2,1,0,1,3,1,0,0,1
423,30,0,4,2,2,7,0,1,0,0,10,3,9,8,8,0
424,57,2,2,0,1,3,3,0,3,0,32,3,1,0,0,0
425,50,2,1,1,1,3,2,1,0,0,28,2,27,10,7,0
426,30,0,3,2,2,2,3,2,0,0,12,2,11,7,7,0
427,60,1,2,2,1,7,0,1,4,0,22,5,18,13,11,0
428,47,2,3,0,2,4,3,0,5,0,20,2,5,0,4,0
429,46,2,1,0,2,5,2,1,6,0,26,2,3,2,1,0
430,35,2,1,3,0,2,2,2,0,0,6,2,5,4,3,0
431,54,2,1,2,2,2,2,2,7,0,19,3,1,0,0,0
432,34,2,1,3,1,6,2,0,3,0,14,3,7,3,7,0
433,46,2,2,2,1,7,3,1,2,1,15,3,3,2,2,0
434,31,2,1,2,2,4,1,0,1,0,13,6,13,8,8,0
435,33,2,3,1,2,3,2,1,7,1,15,2,7,6,7,1
436,33,2,3,0,0,2,3,0,7,0,8,2,4,3,3,1
437,30,2,2,3,2,8,1,2,0,0,4,3,3,2,2,0
438,35,2,1,3,2,0,2,1,4,1,10,2,8,7,0,0
439,31,1,1,0,2,0,2,1,3,0,12,2,1,0,0,1
440,34,1,0,1,2,1,0,0,9,1,11,2,3,2,2,1
441,42,1,4,1,2,2,2,1,4,0,8,4,2,2,0,0
442,36,0,3,1,2,7,3,2,1,0,10,3,10,3,7,0
443,22,1,5,2,1,2,2,2,5,0,4,3,2,2,2,1
444,48,2,2,1,2,7,3,1,2,0,14,2,9,7,7,0
445,55,2,1,0,2,3,1,2,3,0,37,2,10,9,7,0
446,41,0,1,3,2,7,3,2,7,0,16,3,14,3,10,0
447,35,2,2,1,2,7,2,1,9,0,15,2,11,9,9,0
448,40,2,1,1,2,4,2,2,7,0,22,3,20,6,13,0
449,39,1,1,2,2,2,2,1,1,0,8,3,8,3,7,0
450,31,2,1,1,2,7,3,2,4,1,10,2,6,5,5,0
451,42,2,3,3,2,4,0,1,1,1,10,5,10,9,8,0
452,45,2,4,3,2,7,1,1,0,0,9,3,8,7,7,0
453,26,1,1,1,2,1,2,0,0,1,8,2,7,7,0,1
454,29,2,5,3,2,4,3,0,4,0,8,2,3,2,2,0
455,33,2,3,0,3,5,2,0,4,0,10,2,6,1,5,0
456,31,2,1,2,1,3,3,0,9,0,10,3,5,4,1,0
457,18,1,2,1,2,8,1,2,1,1,0,3,0,0,0,1
458,40,0,4,2,0,7,0,0,3,0,20,2,1,0,1,0
459,41,0,4,0,1,0,2,2,2,1,10,3,8,7,7,0
460,26,2,3,0,2,7,2,0,5,0,8,5,0,0,0,0
461,35,2,3,0,2,7,2,2,1,0,5,3,5,4,3,0
462,34,2,1,3,3,7,3,2,1,0,10,3,10,7,7,0
463,26,2,5,2,0,2,3,2,1,1,1,3,1,0,0,1
464,37,2,5,1,2,4,3,2,4,0,12,3,6,5,2,0
465,46,1,3,0,2,0,2,1,5,0,28,3,2,2,2,0
466,41,2,1,1,2,3,0,1,7,0,22,2,18,16,8,0
467,37,0,3,0,2,7,1,0,1,0,9,6,9,5,7,0
468,52,2,5,3,2,6,0,0,3,1,18,3,10,9,9,0
469,32,0,4,3,3,7,2,1,8,0,6,2,4,2,2,1
470,24,1,3,3,2,8,3,1,0,0,3,3,2,2,1,0
471,38,2,3,2,2,0,2,1,3,0,18,4,1,0,0,0
472,37,2,1,1,2,4,1,1,6,0,8,2,6,5,3,0
473,49,2,1,3,1,5,2,0,1,1,31,5,31,9,9,0
474,24,2,3,1,3,6,3,1,1,1,6,3,6,5,4,0
475,26,2,2,0,2,7,1,1,1,0,6,5,5,3,4,0
476,24,2,4,3,1,2,1,1,1,0,1,2,1,0,0,0
477,50,1,3,0,2,3,1,1,1,0,32,2,32,5,7,0
478,25,2,3,1,2,8,2,1,1,0,7,1,7,4,6,0
479,24,1,1,0,2,2,2,1,1,1,6,4,6,3,2,1
480,30,1,1,1,1,8,0,1,1,0,1,2,1,0,0,1
481,34,2,1,1,1,6,3,1,1,1,6,3,6,5,3,0
482,31,2,3,1,2,7,0,0,2,0,9,2,3,1,2,1
483,35,2,4,0,1,2,3,2,4,0,9,3,3,2,2,0
484,31,2,3,0,3,7,3,0,4,0,13,4,7,7,7,0
485,27,2,3,0,1,6,2,0,0,0,6,5,5,3,3,0
486,37,2,2,3,2,7,2,1,4,1,17,3,3,0,0,0
487,20,2,1,3,1,6,1,2,1,0,1,0,1,0,0,0
488,42,2,1,2,2,0,3,1,1,0,10,4,10,2,2,0
489,43,2,4,1,1,5,3,0,4,1,21,3,1,0,0,0
490,38,2,1,2,2,6,0,2,3,0,8,3,0,0,0,0
491,43,1,3,3,2,2,2,0,3,1,10,3,8,7,7,0
492,48,2,1,3,1,3,0,1,7,0,21,3,3,2,2,0
493,44,2,1,0,1,1,2,2,4,0,10,1,2,2,2,0
494,34,2,5,2,2,8,2,0,1,1,8,3,8,2,6,0
495,27,2,2,2,2,8,0,0,0,0,5,3,4,3,2,1
496,21,2,5,2,2,8,2,2,1,0,3,2,3,2,2,0
497,44,2,4,3,2,3,3,1,4,1,26,2,2,2,1,0
498,22,2,3,0,2,6,2,1,0,0,3,3,2,2,2,0
499,33,2,2,2,2,7,2,0,0,0,6,3,5,0,2,0
500,32,2,1,0,2,6,3,1,1,1,6,2,6,4,5,0
501,30,1,3,2,2,6,2,0,1,0,1,2,1,0,0,0
502,53,2,3,3,2,7,0,2,7,0,18,2,14,7,10,0
503,34,2,1,1,2,6,3,1,1,0,10,4,10,9,8,0
504,45,1,1,0,2,7,0,1,2,0,5,4,1,1,0,1
505,26,2,1,2,2,2,3,1,1,1,3,2,3,2,2,0
506,37,2,4,2,2,4,2,1,1,0,10,2,10,7,8,0
507,29,2,3,1,2,7,2,1,1,0,6,5,6,0,2,0
508,35,2,1,1,0,6,3,2,1,0,17,3,17,11,8,0
509,33,1,1,2,2,0,3,0,3,0,15,2,13,11,7,0
510,54,2,3,2,2,1,1,1,2,0,16,1,9,7,1,0
511,36,2,3,1,1,4,1,0,2,1,13,2,3,2,2,0
512,27,2,3,0,1,6,3,2,0,0,5,0,4,2,1,0
513,20,2,3,3,2,6,2,2,1,1,1,5,1,0,1,1
514,33,1,1,0,2,6,0,2,1,1,10,3,10,8,7,1
515,35,0,1,2,1,2,2,1,1,0,1,3,1,0,0,0
516,23,2,3,0,3,6,0,1,2,0,5,3,3,2,2,0
517,25,2,1,3,3,7,1,1,0,0,4,4,3,2,2,0
518,38,2,2,3,1,7,3,2,0,0,8,2,7,7,5,0
519,29,1,1,1,0,6,3,0,1,0,10,5,10,7,8,0
520,48,2,2,1,3,7,1,1,3,0,12,3,2,2,2,0
521,27,1,3,3,3,7,3,0,1,1,6,3,6,5,4,0
522,37,2,1,3,3,6,3,2,3,0,4,2,1,0,0,0
523,50,2,3,3,3,2,2,1,1,1,20,3,20,8,8,0
524,34,2,3,3,1,0,1,2,1,0,9,3,8,7,7,0
525,24,2,1,0,2,7,2,2,9,0,4,3,2,2,0,1
526,39,2,5,3,1,0,2,2,1,0,20,4,20,7,10,0
527,32,2,2,3,2,7,3,2,1,0,10,2,10,7,8,0
528,50,1,5,1,2,7,2,1,3,1,18,4,4,3,3,1
529,38,2,1,1,3,0,3,2,0,0,10,4,9,7,8,0
530,27,2,1,2,2,4,0,1,1,0,9,3,9,7,7,0
531,32,2,1,2,2,5,3,2,3,0,10,6,7,7,7,0
532,47,2,2,3,2,7,0,2,2,0,20,2,7,7,7,0
533,40,1,1,3,1,7,0,1,5,1,20,2,18,13,12,0
534,53,2,1,2,3,5,2,1,3,0,32,3,5,1,3,0
535,41,2,0,1,1,3,3,0,3,0,23,2,21,6,6,0
536,60,2,2,0,2,7,0,2,8,0,10,1,2,2,2,0
537,27,1,1,3,2,4,0,0,1,0,9,4,9,7,7,0
538,41,2,0,3,1,3,2,1,1,0,22,3,22,7,10,0
539,50,2,2,3,2,8,1,1,7,0,4,2,2,2,2,0
540,28,2,1,0,0,6,1,2,7,1,10,4,7,7,7,1
541,36,0,1,0,3,5,0,1,9,0,10,2,8,7,5,0
542,38,2,1,2,2,4,2,2,4,1,10,4,1,0,0,0
543,44,0,3,0,0,2,2,2,2,0,9,5,5,2,4,0
544,47,1,3,3,2,7,2,0,9,1,28,2,22,2,13,0
545,30,2,2,2,2,7,3,0,7,0,10,2,8,7,7,0
546,29,2,1,2,2,8,2,2,1,0,1,6,1,0,0,0
547,42,1,3,2,3,6,2,0,6,1,7,2,2,2,2,1
548,43,1,1,3,1,7,3,1,3,0,7,5,2,2,2,0
549,34,2,3,1,2,0,2,2,3,0,10,2,5,1,3,0
550,23,2,3,1,2,2,0,1,1,0,5,2,4,3,2,0
551,39,2,0,2,3,1,1,1,9,0,12,3,8,3,6,0
552,56,2,3,2,2,0,3,1,7,0,30,1,10,7,1,0
553,40,2,3,3,1,6,3,2,0,1,5,2,4,2,3,0
554,27,2,3,3,1,0,0,2,8,0,9,2,7,6,7,0
555,29,2,2,3,2,8,1,0,1,0,2,2,2,2,2,0
556,53,2,1,3,2,2,3,2,2,0,19,4,2,2,2,0
557,35,0,1,3,2,0,0,0,2,0,16,2,1,0,0,0
558,32,1,1,0,2,2,3,1,1,0,10,2,10,8,7,0
559,38,2,3,3,2,6,2,1,6,1,6,0,1,0,1,0
560,34,2,1,1,2,4,0,0,3,0,7,3,0,0,0,0
561,52,2,2,2,1,3,0,1,1,0,34,3,34,6,16,0
562,33,2,4,3,2,6,3,2,1,1,10,2,10,9,8,1
563,25,2,3,2,2,7,3,2,1,0,6,5,6,5,4,0
564,45,2,5,1,0,8,2,2,0,0,9,3,8,7,1,0
565,23,2,3,0,3,6,2,2,1,0,2,3,2,2,2,0
566,47,1,1,1,3,7,2,2,4,1,8,2,5,4,3,1
567,34,2,4,3,2,7,3,2,1,0,6,5,6,5,4,0
568,55,2,3,3,2,3,0,1,5,1,24,2,5,2,4,1
569,36,0,1,0,1,7,0,2,1,0,10,1,10,7,9,0
570,52,0,3,3,2,6,3,1,0,0,5,3,4,3,2,0
571,26,1,1,0,0,2,3,0,3,0,5,2,2,2,0,0
572,29,2,3,1,2,0,2,1,4,0,11,3,8,7,1,0
573,26,2,5,3,1,7,0,2,6,0,6,2,4,3,2,1
574,34,2,1,1,3,6,3,2,2,0,10,2,4,2,3,0
575,54,2,3,3,2,4,0,0,9,1,9,4,5,3,4,0
576,27,1,2,2,2,7,3,1,0,0,5,3,4,2,1,0
577,37,2,1,3,2,6,0,0,0,1,6,3,5,3,3,0
578,38,1,1,0,3,4,0,2,6,1,17,2,15,7,12,0
579,34,2,3,2,1,6,0,2,1,0,6,3,6,5,3,0
580,35,2,1,0,2,8,3,1,1,0,3,1,3,2,2,0
581,30,2,1,3,0,2,2,1,3,0,7,2,2,2,2,0
582,40,1,3,2,3,0,1,1,1,0,8,2,8,7,7,0
583,34,2,1,2,2,7,0,1,5,0,6,1,3,2,2,0
584,42,1,1,1,2,3,3,0,1,0,24,4,24,7,9,0
585,23,2,1,2,3,2,0,1,1,1,1,2,0,0,0,1
586,24,0,1,2,1,2,1,0,1,0,1,4,1,0,0,0
587,52,2,1,3,2,2,2,1,8,0,9,3,5,2,4,0
588,50,2,3,2,2,5,2,1,5,0,30,3,4,3,3,0
589,29,2,1,1,1,2,0,1,1,1,1,1,1,0,0,1
590,33,2,3,2,2,5,2,1,0,0,14,3,13,9,7,0
591,33,2,2,0,2,7,0,2,5,0,6,3,3,2,2,1
592,47,2,4,2,2,3,3,1,1,1,26,3,26,14,0,0
593,36,2,4,2,2,4,1,1,0,0,10,2,9,7,5,0
594,29,2,1,2,3,6,2,1,1,0,10,3,10,7,7,0
595,58,2,1,3,2,5,1,2,7,1,40,2,31,15,8,1
596,35,2,1,3,3,6,2,2,3,0,7,0,2,2,2,0
597,42,2,1,3,1,4,3,1,9,1,8,4,4,3,2,0
598,28,2,3,2,2,6,2,2,6,0,5,3,2,2,1,1
599,36,2,0,2,2,1,1,1,4,0,8,2,5,2,4,0
600,32,2,1,2,1,4,2,1,1,0,14,3,14,13,8,0
601,40,1,3,0,1,2,2,2,6,0,10,6,1,0,0,0
602,30,2,3,2,1,4,3,2,5,1,12,4,0,0,0,0
603,45,2,1,1,1,6,2,2,1,0,1,3,1,0,0,0
604,42,2,1,1,2,4,1,1,1,0,10,3,9,8,8,0
605,38,1,1,0,1,0,0,0,2,0,13,3,4,3,2,0
606,34,1,1,2,1,6,3,2,1,0,6,3,5,2,3,0
607,49,2,2,2,2,7,3,1,1,0,9,3,9,8,7,1
608,55,2,3,2,2,7,3,2,4,0,12,3,9,7,3,1
609,43,2,1,1,2,5,0,1,6,0,22,3,4,1,0,0
610,27,2,5,2,1,5,3,0,1,1,9,3,9,8,8,0
611,35,2,4,2,2,4,2,2,3,0,17,3,8,5,6,0
612,28,2,2,1,2,7,1,1,1,1,8,2,8,7,5,0
613,34,2,0,2,2,1,3,1,0,0,4,1,3,2,2,0
614,26,1,3,2,1,6,2,1,1,1,8,2,8,7,7,1
615,27,0,3,3,2,6,3,1,1,0,0,6,0,0,0,0
616,51,2,2,0,2,3,2,1,2,0,29,2,20,6,17,0
617,44,2,3,3,2,0,1,2,9,0,10,2,5,2,3,0
618,25,2,3,0,3,6,0,2,7,0,6,3,4,3,1,0
619,33,2,3,0,3,7,0,0,1,0,9,5,9,8,8,0
620,35,2,3,2,1,6,0,2,1,0,6,3,6,5,1,0
621,36,2,1,1,2,7,3,1,1,1,18,1,18,14,11,0
622,32,2,1,1,2,7,3,0,2,0,8,3,5,2,3,0
623,30,1,1,1,1,6,3,0,9,0,10,3,5,4,3,0
624,53,2,2,0,1,7,3,1,7,1,35,3,5,2,4,0
625,45,2,2,3,2,7,0,0,4,1,18,2,5,4,2,0
626,32,2,3,2,3,6,2,1,5,0,9,3,5,3,3,0
627,52,1,3,2,1,4,3,1,3,0,31,3,9,8,0,0
628,37,2,2,3,1,7,2,0,4,0,9,2,1,0,0,0
629,28,2,3,1,1,1,3,0,1,0,6,6,5,1,4,0
630,22,2,1,3,1,4,3,1,6,0,4,2,2,2,2,0
631,44,2,1,0,3,2,3,1,2,1,10,2,3,2,2,0
632,42,1,3,1,2,6,3,2,5,1,8,2,2,1,2,0
633,36,2,1,0,1,1,0,1,0,0,6,3,5,4,3,0
634,25,2,4,2,2,7,0,1,1,1,5,3,5,3,3,0
635,35,2,1,3,1,4,2,1,1,1,17,2,17,14,15,0
636,35,1,1,3,2,6,1,0,1,1,10,3,10,2,8,1
637,32,0,1,3,2,2,3,0,0,0,4,2,3,0,2,0
638,25,2,2,2,1,7,0,1,1,0,5,1,5,2,3,0
639,49,2,5,2,2,6,0,1,2,0,7,2,4,2,2,0
640,24,0,1,0,1,2,3,1,0,0,6,2,5,2,4,0
641,32,1,1,1,2,7,1,1,1,0,10,3,10,8,3,0
642,38,2,2,1,1,8,1,1,0,0,3,3,2,2,2,0
643,42,2,1,2,3,2,3,1,2,1,17,1,5,3,3,0
644,31,2,1,3,2,6,3,1,3,1,8,2,6,4,2,0
645,29,2,3,1,1,8,2,0,6,1,5,3,3,2,2,1
646,53,2,2,0,2,7,3,1,5,0,28,3,2,0,2,0
647,35,2,5,3,1,4,1,1,3,0,16,2,13,10,8,0
648,37,1,3,2,2,8,3,1,5,0,10,3,5,4,0,0
649,53,2,1,3,2,5,3,2,6,0,33,0,12,9,8,0
650,43,1,1,3,2,0,3,1,4,0,12,2,5,2,2,0
651,47,2,2,2,2,7,3,1,0,1,8,2,7,6,7,0
652,37,0,3,0,2,7,1,2,1,1,10,2,10,0,9,0
653,50,0,1,0,2,3,0,0,1,0,31,3,31,6,7,0
654,39,2,1,3,1,1,3,1,8,0,13,2,5,4,4,0
655,33,2,0,3,2,1,1,0,3,1,7,4,4,3,3,0
656,32,2,1,0,2,2,3,2,1,1,1,2,1,0,1,1
657,29,2,3,0,1,2,3,0,6,0,8,5,4,3,3,0
658,44,2,1,1,2,6,0,1,1,1,8,0,8,7,1,0
659,28,2,3,0,2,7,3,2,1,0,4,3,4,2,2,0
660,58,1,1,3,1,2,3,0,9,1,3,3,1,0,0,1
661,43,2,1,0,2,4,1,0,4,0,4,2,1,0,0,0
662,20,2,3,2,1,8,2,2,1,0,2,3,2,2,2,1
663,21,2,4,3,2,6,3,2,1,0,1,3,1,0,0,1
664,36,2,1,2,2,0,3,1,0,1,17,2,16,8,11,0
665,47,2,1,3,1,8,3,2,1,1,3,3,3,2,2,0
666,22,2,1,1,2,4,2,1,0,1,4,3,3,2,2,1
667,41,2,1,1,0,2,3,0,4,1,10,1,7,7,0,1
668,28,2,3,2,2,6,2,0,5,0,6,2,2,2,2,0
669,39,2,3,3,2,2,0,1,7,1,8,2,2,2,2,1
670,27,2,1,1,2,6,2,2,1,0,1,2,1,1,0,0
671,34,2,1,1,2,2,1,0,1,0,1,3,1,0,0,0
672,42,2,3,2,1,7,2,2,7,0,10,6,5,4,3,0
673,33,2,4,2,1,6,0,2,3,1,6,1,3,2,2,0
674,58,2,5,2,1,0,1,0,2,1,24,3,6,0,4,0
675,31,2,1,1,1,8,2,1,3,0,13,2,7,7,2,0
676,35,2,1,3,2,0,3,1,1,1,10,2,10,6,7,0
677,49,2,4,0,2,2,1,1,4,0,29,3,26,9,7,0
678,48,2,3,3,2,6,2,1,4,0,13,2,0,0,0,0
679,31,0,2,3,2,7,2,1,1,0,9,2,9,8,0,0
680,36,2,4,1,2,6,3,2,2,0,8,6,6,2,1,0
681,38,2,5,3,2,5,0,1,1,0,15,3,15,12,11,0
682,32,0,1,2,1,2,1,1,6,0,5,3,3,0,2,0
683,25,2,2,2,1,8,1,1,1,1,1,2,1,0,0,1
684,40,2,2,0,1,7,1,0,2,0,11,2,1,0,0,0
685,26,1,3,2,1,7,0,2,1,0,7,2,7,7,7,0
686,41,2,3,3,2,2,0,2,2,1,20,3,18,13,17,0
687,36,2,3,2,2,2,2,2,4,0,16,6,11,8,9,0
688,19,2,4,3,1,8,1,2,1,1,1,3,1,0,0,1
689,20,2,5,0,2,2,0,2,1,0,1,2,1,0,0,1
690,31,2,3,3,2,0,3,1,0,1,10,2,9,7,5,0
691,40,1,3,3,2,6,1,0,8,1,3,2,1,1,0,0
692,32,2,3,2,2,4,0,1,1,0,8,2,8,7,3,0
693,36,2,1,2,1,7,3,1,1,1,16,6,16,7,7,1
694,33,2,1,1,1,0,3,2,0,0,6,3,5,0,4,0
695,37,2,1,0,1,7,2,1,5,0,17,2,14,1,7,1
696,45,0,1,2,2,2,1,1,1,0,9,5,9,7,8,0
697,29,1,5,2,2,8,3,1,1,0,3,5,3,1,2,0
698,35,2,3,2,2,7,2,1,1,0,5,3,5,2,0,0
699,52,2,1,3,2,3,3,1,2,0,26,2,9,8,8,0
700,58,2,5,3,2,6,2,2,4,0,7,4,1,0,0,1
701,53,2,3,2,2,3,2,0,6,0,22,3,17,13,2,0
702,30,2,4,2,2,7,2,0,5,0,10,2,8,4,7,0
703,38,0,5,2,2,7,3,2,1,1,6,1,5,3,3,0
704,35,2,1,3,2,7,3,0,6,0,12,2,10,9,8,0
705,39,2,1,0,3,7,2,2,0,0,9,3,8,7,7,0
706,40,0,1,1,3,7,1,2,4,1,22,2,1,0,0,1
707,47,1,3,2,3,4,2,0,1,1,20,3,19,10,7,0
708,36,0,5,0,2,7,3,0,4,0,12,3,7,7,7,0
709,31,0,3,2,1,6,0,2,0,1,4,0,3,2,2,1
710,33,0,1,3,2,3,2,2,1,0,10,2,10,8,0,0
711,29,2,1,3,1,6,0,2,6,1,3,5,0,0,0,1
712,33,2,1,1,2,6,3,2,3,0,5,4,3,2,2,0
713,45,2,3,3,2,2,3,0,3,0,8,2,5,3,2,0
714,50,2,3,3,2,5,3,0,9,0,32,1,5,4,3,0
715,33,1,4,2,3,0,1,1,1,1,6,2,6,5,2,0
716,41,1,3,0,2,5,2,0,2,0,21,2,18,16,11,0
717,27,2,5,2,2,2,1,1,9,0,4,2,2,2,2,0
718,45,0,1,3,2,2,0,1,1,1,9,2,9,8,8,0
719,47,2,1,3,2,7,3,2,1,1,9,0,9,0,7,0
720,30,2,1,0,2,6,2,1,4,1,7,2,5,2,1,1
721,50,2,1,3,2,4,2,1,3,1,22,2,12,11,5,0
722,38,1,3,2,2,6,2,1,0,0,3,0,2,1,2,0
723,46,2,3,3,2,4,2,0,6,0,13,3,8,7,7,0
724,24,2,3,3,1,4,2,0,1,0,5,6,4,2,2,0
725,35,2,4,2,1,2,1,0,1,1,5,2,4,2,2,1
726,31,1,1,2,2,4,0,1,1,0,4,1,4,3,3,0
727,18,0,1,1,2,6,3,2,1,0,0,2,0,0,0,0
728,54,2,5,2,2,4,2,1,8,0,22,2,10,7,8,0
729,35,2,3,2,2,0,2,0,1,1,16,3,16,10,1,0
730,30,2,1,1,3,5,0,1,0,1,9,4,8,7,7,0
731,20,2,3,3,1,6,0,2,1,1,1,2,1,0,0,1
732,30,1,3,1,2,2,1,2,0,0,4,3,3,2,2,1
733,26,2,3,3,3,4,3,1,1,0,8,2,8,7,3,0
734,22,2,1,1,0,2,0,1,1,0,4,3,4,3,1,0
735,48,2,1,0,1,0,2,2,2,0,19,0,2,2,2,0
736,48,2,1,2,1,0,2,2,7,0,27,3,15,11,8,0
737,41,2,3,3,2,4,2,2,6,0,8,6,2,2,1,0
738,39,2,1,3,1,4,3,1,1,0,21,3,21,6,8,0
739,27,2,1,0,2,4,3,1,0,0,4,2,3,2,2,0
740,35,2,4,1,2,2,3,0,1,0,3,4,3,2,2,0
741,42,2,2,3,2,3,2,1,6,0,21,3,1,0,0,0
742,50,2,1,0,2,2,3,1,4,0,8,5,1,0,0,0
743,59,2,1,2,1,4,3,2,3,1,30,4,5,3,3,0
744,37,2,3,0,0,0,1,1,5,0,15,2,1,0,0,1
745,55,1,3,2,2,0,1,1,3,1,17,3,8,7,7,0
746,41,0,1,1,0,5,2,0,1,0,21,3,21,16,10,0
747,38,2,1,1,2,7,3,2,8,1,19,1,1,0,0,0
748,26,0,3,1,0,7,0,2,8,0,7,6,2,2,2,1
749,52,2,2,0,0,3,3,1,1,0,33,3,32,14,9,1
750,44,2,3,3,3,7,3,1,3,1,23,2,12,11,11,0
751,50,0,1,3,2,7,2,1,0,0,19,3,18,7,13,0
752,36,2,1,2,3,2,0,2,1,0,18,1,17,13,14,1
753,39,1,3,3,2,4,0,2,1,1,21,2,21,6,8,0
754,33,0,1,1,1,8,3,2,0,0,3,2,2,2,2,0
755,45,2,1,3,2,3,3,1,3,0,26,4,9,3,1,0
756,32,0,3,3,2,2,2,2,9,0,10,2,8,7,7,0
757,34,2,2,1,3,7,3,0,0,0,16,2,15,1,9,0
758,59,2,5,1,2,3,3,1,3,1,14,1,6,4,4,0
759,45,2,3,1,2,1,1,2,1,0,6,3,6,3,4,0
760,53,1,2,2,1,7,1,1,2,0,30,2,15,7,12,0
761,36,2,4,0,2,2,2,0,7,0,9,3,1,0,0,1
762,26,1,1,0,2,6,0,1,6,1,6,2,3,2,2,1
763,34,2,1,2,2,8,2,1,1,1,1,2,1,1,0,0
764,28,2,3,3,2,8,1,1,1,0,1,5,1,0,0,0
765,38,1,4,2,2,6,2,1,3,0,8,2,2,2,2,0
766,50,2,3,1,2,5,2,1,2,1,29,2,8,1,7,0
767,37,2,4,3,2,0,1,2,3,0,8,3,4,3,1,0
768,40,2,2,2,2,7,0,1,1,0,8,3,7,7,5,0
769,26,1,3,0,1,6,2,0,1,0,5,5,5,3,3,0
770,46,2,3,3,2,5,3,0,9,0,23,0,2,2,2,0
771,54,2,1,2,1,7,2,1,6,0,13,4,9,4,0,0
772,56,1,3,0,2,6,2,1,2,0,18,4,5,4,3,0
773,36,2,3,3,1,4,3,2,0,0,15,2,14,8,8,0
774,55,0,3,2,1,3,0,2,7,0,31,3,9,7,2,0
775,43,2,3,2,1,7,3,0,5,0,18,5,1,0,0,0
776,20,1,2,3,2,8,3,2,1,1,2,3,2,2,2,1
777,21,2,1,2,1,2,0,2,1,0,1,6,1,0,0,1
778,46,2,1,3,1,6,0,0,8,1,19,2,16,13,7,0
779,51,2,1,0,2,6,2,1,9,1,18,2,10,0,7,1
780,28,0,5,1,1,0,0,2,1,0,10,2,10,7,9,1
781,26,2,3,0,1,2,0,1,1,0,6,2,5,3,3,0
782,30,2,4,2,2,4,0,1,0,0,7,1,6,2,2,0
783,41,2,5,1,3,6,2,1,1,0,10,3,10,6,8,0
784,38,2,1,2,1,0,2,1,0,0,20,4,19,9,9,0
785,40,2,5,0,2,0,3,1,4,0,14,6,11,10,1,0
786,27,0,1,0,0,2,2,1,1,0,3,4,3,2,2,0
787,55,1,1,3,2,4,1,1,3,0,23,4,3,2,2,0
788,28,2,4,2,2,6,2,2,3,0,10,4,8,7,7,0
789,44,2,3,1,1,1,0,1,9,0,24,1,20,6,6,1
790,33,2,1,3,1,0,3,0,4,0,9,2,3,2,2,0
791,35,2,5,3,2,7,0,2,0,1,9,2,8,7,7,1
792,33,1,3,0,1,6,2,2,1,0,14,4,13,7,8,1
793,28,2,1,0,2,2,2,0,1,0,4,5,4,2,2,0
794,34,1,1,0,2,0,3,2,0,0,7,1,6,2,4,0
795,37,2,1,3,1,7,3,0,2,1,8,5,1,0,0,0
796,25,2,5,3,2,2,3,1,1,1,7,3,7,7,6,1
797,26,2,3,0,2,2,2,0,1,0,1,0,1,1,0,1
798,33,2,3,0,1,6,1,2,4,1,5,0,2,2,2,1
799,42,2,3,3,2,3,0,1,0,0,23,3,22,6,7,0
800,28,1,3,0,1,2,1,0,1,0,1,2,1,0,0,1
801,50,1,4,3,2,7,2,2,3,1,5,4,0,0,0,1
802,33,1,1,3,2,7,1,1,0,0,4,3,3,2,2,0
803,34,0,1,2,1,6,3,1,3,0,6,2,0,0,0,0
804,48,0,3,0,3,3,3,2,2,0,27,3,5,4,1,0
805,45,0,1,1,1,7,2,1,1,0,15,2,15,10,12,0
806,52,2,1,1,2,0,1,2,7,0,18,4,8,6,0,0
807,38,2,2,2,1,7,2,0,0,1,9,2,8,7,7,0
808,29,2,1,2,2,6,3,0,4,0,11,1,7,5,7,0
809,28,2,3,3,2,4,1,0,0,0,10,3,9,7,7,0
810,46,2,2,0,2,3,2,1,3,0,23,3,12,9,9,0
811,38,2,2,3,2,7,1,2,7,0,10,2,1,0,0,0
812,43,1,1,2,2,4,0,1,8,0,18,1,8,7,1,0
813,39,1,1,0,2,0,3,0,7,0,21,4,18,7,5,1
814,40,2,3,2,1,5,2,2,1,0,21,2,20,7,9,0
815,21,2,5,3,1,6,1,2,1,1,2,6,2,2,2,0
816,39,0,1,2,2,2,1,2,9,0,9,2,5,4,3,0
817,36,0,1,0,2,4,3,2,2,0,18,0,11,9,9,0
818,31,1,1,2,3,8,3,1,0,0,3,4,2,2,2,0
819,28,2,1,0,1,6,1,1,0,0,6,2,5,3,4,0
820,35,1,2,3,2,7,3,0,1,0,5,3,5,2,2,0
821,49,2,5,3,1,7,1,1,6,0,22,3,9,8,3,0
822,34,1,1,3,2,4,2,2,2,0,5,3,3,2,2,0
823,29,1,1,3,2,6,1,0,0,0,8,2,7,5,1,0
824,42,2,3,1,0,2,3,2,4,0,16,3,1,0,0,0
825,29,2,3,1,1,4,3,1,1,1,10,2,10,7,2,0
826,38,2,0,2,3,1,2,1,1,0,7,2,7,6,0,0
827,28,1,1,2,1,6,2,0,1,1,3,2,3,1,2,0
828,18,0,3,2,2,2,2,2,1,0,0,0,0,0,0,1
829,33,2,2,0,2,7,0,2,0,1,6,3,5,2,3,1
830,41,2,1,1,2,2,3,1,3,1,6,4,1,0,0,0
831,31,1,3,2,2,2,2,1,1,0,2,5,2,2,2,1
832,37,2,3,2,1,0,3,0,7,0,9,2,6,2,3,0
833,27,2,1,3,1,6,2,1,1,0,4,0,4,2,2,0
834,34,2,1,1,2,7,2,1,1,0,6,3,6,5,3,0
835,35,2,5,2,2,1,2,2,1,0,6,2,5,4,4,0
836,29,2,1,3,1,7,0,1,1,0,11,3,11,8,10,1
837,40,1,3,1,2,5,2,2,9,0,20,3,18,7,13,0
838,42,1,1,2,2,7,0,2,0,1,22,2,21,9,14,1
839,42,2,2,1,2,7,0,2,7,0,9,3,6,4,5,0
840,35,2,3,3,1,2,2,1,6,0,10,2,8,0,7,0
841,24,2,3,3,2,2,1,2,8,0,6,2,4,3,2,0
842,28,2,1,2,2,2,3,1,1,1,1,4,1,1,0,1
843,26,2,3,0,3,2,3,1,1,0,8,2,8,7,7,0
844,30,2,2,2,1,7,2,1,1,0,10,3,10,3,4,0
845,40,1,3,2,1,6,3,1,3,1,16,3,1,1,0,0
846,35,2,1,2,1,4,1,0,2,0,15,2,7,7,4,0
847,34,1,3,3,1,0,0,2,0,0,14,3,13,9,9,0
848,35,1,4,3,1,2,3,1,1,0,2,2,2,2,2,0
849,43,2,2,0,0,7,2,2,8,0,7,2,4,3,3,1
850,32,0,1,2,2,8,0,0,1,0,1,3,1,0,0,0
851,56,2,5,3,2,3,0,0,4,0,28,2,5,2,2,0
852,29,2,3,1,2,2,3,1,1,0,10,5,10,8,8,0
853,19,2,1,2,2,6,0,2,1,0,1,4,1,1,0,0
854,45,2,3,0,2,6,2,1,4,1,7,2,3,2,2,0
855,37,2,1,3,1,4,3,1,1,0,14,2,14,8,11,0
856,20,2,1,0,1,2,2,2,1,0,2,2,2,2,2,0
857,44,2,1,2,2,6,2,2,1,1,6,4,6,4,2,1
858,53,2,3,3,2,3,2,0,3,0,26,6,7,7,7,0
859,29,2,1,1,0,6,3,1,0,1,6,2,5,4,3,0
860,22,1,1,2,1,6,3,1,0,1,1,5,0,0,0,1
861,46,2,2,2,2,3,0,1,8,0,28,2,26,15,9,0
862,44,0,1,3,0,6,2,2,2,0,6,3,0,0,0,0
863,33,2,0,1,2,1,2,1,1,0,5,2,5,4,4,0
864,41,0,1,0,1,6,0,0,6,0,5,2,1,0,0,1
865,30,2,1,2,2,7,0,0,8,0,8,3,4,3,3,0
866,40,1,3,1,2,7,1,1,5,0,5,2,0,0,0,0
867,50,1,3,3,2,3,0,1,2,0,32,3,2,2,2,0
868,28,2,3,3,1,2,0,1,1,0,6,2,6,5,3,0
869,46,2,1,3,2,5,1,1,5,0,25,2,4,2,3,0
870,35,2,1,2,2,7,0,1,3,1,15,2,7,7,7,0
871,24,2,1,3,2,2,1,1,1,0,1,3,1,0,0,1
872,33,1,3,1,2,7,2,1,1,0,10,3,10,7,1,0
873,36,2,1,2,0,2,2,0,1,0,7,4,7,7,7,0
874,30,2,1,2,2,2,2,0,1,0,10,4,10,7,9,0
875,44,2,4,3,2,6,3,2,1,0,20,3,20,11,17,0
876,20,2,2,2,3,8,3,2,1,0,2,2,2,1,2,0
877,46,2,5,3,2,4,3,0,2,0,12,3,6,3,4,0
878,42,0,3,3,3,1,0,1,7,0,10,3,4,3,3,0
879,60,2,2,1,3,7,3,0,0,1,12,3,11,7,9,0
880,32,1,4,2,1,2,1,1,1,0,2,2,2,2,2,0
881,32,1,1,3,2,6,2,2,4,1,10,2,8,7,7,0
882,36,2,5,2,0,4,0,0,2,1,17,2,7,7,7,0
883,33,2,3,0,2,6,3,1,0,0,15,5,14,10,10,0
884,40,2,5,1,1,7,1,0,7,0,7,2,5,1,3,0
885,25,2,1,2,2,7,3,2,0,0,5,4,4,3,1,0
886,30,2,3,3,2,6,1,1,0,1,12,2,11,9,7,0
887,42,1,3,0,2,5,0,1,3,1,20,6,1,0,0,0
888,35,0,2,2,1,7,3,1,4,1,16,6,13,2,12,0
889,27,2,1,0,2,6,0,1,1,1,9,3,9,7,8,0
890,54,1,1,3,2,4,2,0,7,0,33,2,5,4,4,0
891,44,2,1,0,3,6,3,1,1,0,10,5,10,5,7,0
892,19,0,3,0,1,6,1,2,1,1,1,2,1,1,0,1
893,29,2,1,0,2,6,3,0,1,0,3,5,3,2,2,0
894,54,2,1,3,2,5,3,1,3,0,36,2,10,9,9,0
895,31,2,3,2,2,0,0,1,1,1,6,2,6,5,1,0
896,31,2,3,2,1,0,0,2,1,0,10,2,10,9,8,0
897,59,2,1,2,1,7,3,2,5,0,13,2,6,1,5,0
898,43,2,1,2,0,5,3,1,3,0,25,2,8,7,7,0
899,49,2,3,0,1,3,2,1,2,0,23,2,1,0,0,0
900,36,1,5,2,2,6,1,1,1,0,12,2,11,10,7,0
901,48,2,5,3,3,2,1,2,5,0,7,4,1,0,0,0
902,27,2,1,0,2,6,2,0,1,0,5,2,5,3,3,0
903,29,2,1,2,2,0,3,0,1,1,6,2,6,0,0,0
904,48,2,1,3,1,5,3,2,6,0,25,3,1,0,0,0
905,29,2,1,3,1,5,3,0,3,0,9,2,7,7,7,0
906,34,2,5,2,3,6,2,1,0,0,2,5,1,0,0,0
907,44,2,2,1,2,3,1,1,7,0,26,5,22,9,10,0
908,33,2,2,3,3,7,2,0,0,1,10,3,9,8,8,0
909,19,2,1,1,3,6,3,2,1,1,1,2,1,0,1,0
910,23,2,1,3,2,6,2,1,1,0,1,2,1,0,1,0
911,25,1,1,2,0,8,3,2,1,1,1,4,1,0,0,1
912,26,2,1,2,2,6,3,2,1,1,8,2,8,5,2,0
913,45,2,2,0,0,3,1,2,2,1,26,2,24,10,11,1
914,55,0,3,3,1,0,1,0,1,1,34,3,33,9,0,0
915,21,1,1,0,1,2,2,2,1,0,2,2,2,2,2,1
916,46,2,2,3,1,3,1,1,2,0,26,2,11,4,8,0
917,34,2,2,2,2,7,0,2,0,1,4,3,3,2,2,0
918,51,1,1,3,2,3,1,0,4,1,31,5,29,10,10,0
919,59,2,3,3,2,4,3,2,6,0,25,6,9,7,4,0
920,34,1,3,2,2,2,1,0,4,0,15,2,11,8,10,0
921,28,1,3,3,2,2,2,2,0,1,5,2,4,2,2,0
922,44,2,1,2,3,3,0,0,1,0,26,4,25,9,13,0
923,34,1,1,2,1,1,1,1,4,0,14,5,10,9,8,0
924,35,2,1,2,2,6,2,1,0,1,4,3,3,2,2,0
925,42,2,3,1,3,6,1,1,6,1,18,2,1,0,0,0
926,43,2,2,3,1,7,3,2,3,0,23,3,21,7,17,0
927,36,2,1,2,2,4,1,2,9,1,18,2,16,14,12,0
928,44,2,3,0,2,0,3,1,1,0,10,2,10,7,5,1
929,28,1,1,3,1,2,3,1,1,1,2,2,2,2,2,0
930,51,1,3,1,1,2,2,2,0,0,8,6,7,0,7,0
931,30,0,3,2,2,4,2,2,7,1,10,3,8,4,7,0
932,29,2,5,1,2,2,2,0,3,1,10,2,7,7,7,1
933,28,2,5,3,2,6,0,2,2,0,5,2,3,2,2,0
934,25,2,3,3,2,6,1,2,1,0,2,3,2,2,1,0
935,32,2,3,2,3,7,3,1,1,0,10,4,10,7,8,0
936,45,1,3,1,2,3,1,2,3,0,22,4,0,0,0,0
937,39,2,3,2,1,3,1,0,6,1,21,4,19,9,2,0
938,58,2,1,0,2,6,2,0,1,0,2,3,2,2,2,0
939,32,2,1,3,2,2,2,1,1,0,10,3,10,4,1,1
940,39,2,3,2,2,6,0,2,0,0,6,2,5,2,3,1
941,30,2,5,0,1,2,3,1,0,0,10,6,9,2,7,0
942,36,2,5,3,2,0,2,1,3,0,10,0,7,7,7,0
943,46,2,1,3,2,1,0,2,6,0,10,3,7,6,7,0
944,28,0,1,2,0,2,3,1,0,0,10,6,9,8,5,0
945,50,2,1,3,2,5,0,1,4,1,25,2,3,2,2,0
946,40,2,2,3,1,7,1,2,2,1,9,2,5,4,0,1
947,52,2,1,1,2,7,1,2,9,1,10,2,8,7,7,1
948,30,2,3,1,2,3,0,1,1,1,9,2,9,1,8,0
949,39,2,1,0,2,4,2,2,0,0,9,6,8,7,7,0
950,31,0,1,3,2,7,2,0,1,1,10,5,10,8,6,0
951,41,0,3,2,0,7,1,2,1,0,19,4,19,2,9,0
952,31,1,1,3,2,8,1,2,1,1,3,2,3,2,2,1
953,44,2,1,0,2,2,0,1,4,0,10,4,3,2,2,1
954,42,0,1,2,2,3,2,1,0,1,21,3,20,8,10,0
955,55,2,3,3,0,3,2,1,4,0,23,5,19,9,11,0
956,56,2,1,3,2,3,1,2,6,0,36,4,7,3,7,0
957,40,0,1,2,2,6,2,0,9,0,6,0,4,2,0,0
958,34,2,1,3,2,0,3,0,0,0,10,0,9,7,6,0
959,40,2,1,2,2,6,3,2,1,0,9,4,9,8,8,0
960,41,1,2,2,2,7,0,0,0,0,10,2,9,3,7,0
961,35,1,1,2,2,6,2,2,1,1,9,3,9,6,1,0
962,51,2,1,2,2,3,1,0,1,1,33,2,33,9,10,0
963,38,2,1,1,2,7,0,0,3,0,11,3,7,7,7,0
964,34,2,3,2,2,7,0,2,1,0,10,6,10,8,6,0
965,25,2,3,3,2,2,3,1,3,0,7,6,3,2,2,0
966,58,2,3,2,1,4,0,1,7,1,31,0,10,9,9,1
967,40,2,1,1,2,2,1,1,3,0,7,3,4,2,3,0
968,36,1,2,0,3,7,0,1,2,0,17,2,15,7,13,0
969,48,2,1,3,2,4,3,2,1,0,11,2,10,9,8,0
970,27,2,3,2,3,8,3,1,8,0,5,4,1,0,0,0
971,51,2,5,3,1,4,1,2,3,0,29,1,5,2,3,0
972,18,0,1,3,2,2,3,2,1,0,0,5,0,0,0,0
973,35,2,3,3,1,2,3,1,0,0,10,0,9,7,0,0
974,27,1,1,3,0,7,3,2,3,0,8,3,6,2,0,0
975,55,2,2,0,3,7,2,2,6,1,24,2,19,7,8,1
976,56,2,1,3,2,4,1,1,4,1,33,0,19,16,9,0
977,34,0,5,0,1,6,2,0,1,0,5,2,5,4,0,0
978,40,2,3,1,3,0,2,0,5,0,15,0,12,11,8,0
979,34,2,3,1,2,2,2,1,4,0,10,1,8,7,7,0
980,31,1,1,2,1,8,3,2,7,0,3,3,1,0,0,1
981,35,1,2,3,2,7,2,1,0,1,5,0,4,2,2,1
982,38,1,1,3,3,6,2,0,1,0,4,2,4,2,3,0
983,34,2,5,2,2,0,3,2,1,0,14,2,14,11,11,0
984,28,2,1,2,1,7,0,1,1,0,5,0,5,3,4,0
985,31,2,3,3,2,4,2,1,1,1,10,3,10,2,7,1
986,39,2,1,0,1,7,3,1,3,1,8,2,5,4,4,0
987,51,1,2,1,2,7,1,1,2,0,14,5,4,2,2,0
988,41,1,1,3,2,6,3,0,3,1,12,4,6,2,3,0
989,37,2,1,2,2,6,2,1,7,1,8,2,6,4,3,0
990,33,1,1,1,2,7,3,1,6,0,8,2,5,4,2,0
991,32,2,2,2,2,7,1,1,0,1,4,3,3,2,2,0
992,39,0,1,2,2,0,2,1,3,0,13,2,6,4,5,0
993,25,2,1,0,3,7,2,1,2,0,6,3,3,2,2,0
994,52,1,3,3,3,4,2,1,2,1,24,3,5,3,2,0
995,43,2,3,0,1,6,2,2,1,1,20,3,20,7,8,0
996,27,2,2,3,1,7,3,1,1,1,6,3,6,2,4,0
997,27,2,1,3,2,6,2,2,1,1,8,2,8,2,7,1
998,26,2,3,0,1,6,3,2,0,0,5,2,4,3,1,0
999,42,2,0,2,2,3,0,1,0,0,21,5,20,7,9,0
1000,52,2,4,2,2,2,0,1,9,0,12,2,5,4,4,0
1001,37,2,3,0,2,2,2,2,4,0,8,6,3,2,2,0
1002,35,1,1,2,2,4,3,2,2,0,10,2,2,2,2,0
1003,25,2,5,0,2,2,3,1,4,0,7,2,3,2,2,0
1004,26,2,4,2,3,2,0,2,0,0,8,2,7,7,7,0
1005,29,2,4,1,1,1,0,2,1,0,10,3,10,9,9,0
1006,49,1,1,0,1,2,0,2,3,0,20,2,4,3,3,1
1007,29,1,4,2,2,0,3,2,0,1,9,1,8,7,7,1
1008,54,2,3,3,2,5,3,2,6,0,29,3,20,7,7,0
1009,58,2,3,3,2,5,0,1,3,1,32,3,9,8,5,0
1010,55,2,3,1,3,5,3,0,2,0,31,4,7,7,0,0
1011,36,2,2,0,2,7,1,2,3,1,15,3,5,4,1,0
1012,31,1,1,1,0,8,2,2,1,0,1,3,1,0,0,1
1013,30,2,2,3,2,7,0,0,7,0,8,3,3,2,2,0
1014,31,2,1,0,2,5,1,2,3,0,9,3,3,2,0,0
1015,34,1,4,3,2,6,0,0,5,0,10,2,4,3,3,0
1016,31,2,1,0,1,6,1,2,1,0,1,3,1,0,0,1
1017,27,2,1,1,2,2,0,1,0,0,6,3,5,0,4,0
1018,36,2,1,0,1,2,3,2,1,0,10,2,10,4,8,0
1019,36,2,2,2,1,7,0,1,4,0,11,3,3,2,2,0
1020,47,2,5,0,2,6,3,1,7,0,17,2,6,5,2,0
1021,25,2,1,0,1,8,0,1,3,0,6,2,3,2,2,1
1022,37,0,5,2,3,2,2,2,0,0,7,2,6,5,3,0
1023,56,2,1,0,2,6,0,1,2,0,5,3,3,2,0,0
1024,47,2,3,0,2,5,2,1,3,0,26,2,20,17,6,0
1025,24,2,3,3,2,7,2,1,1,1,5,3,5,4,3,0
1026,32,2,2,3,2,7,3,1,4,0,7,3,4,3,3,0
1027,34,2,1,3,1,2,1,1,5,0,7,2,5,4,2,0
1028,41,2,3,1,3,6,2,1,2,1,7,5,4,2,3,0
1029,40,0,4,2,2,2,2,0,3,0,11,2,8,7,7,0
1030,31,2,1,0,2,7,3,0,1,0,13,5,13,7,9,0
1031,46,2,2,0,2,7,3,0,4,0,28,1,7,7,3,1
1032,39,0,1,0,1,2,0,2,2,1,11,2,1,0,0,1
1033,31,1,1,2,3,4,1,2,1,0,10,2,10,8,7,1
1034,45,2,3,1,0,0,0,0,2,1,24,2,7,7,7,0
1035,31,2,3,3,3,1,1,2,9,0,8,3,3,2,2,0
1036,31,1,1,1,2,2,3,1,6,1,7,2,2,2,2,1
1037,45,2,5,1,2,4,3,1,4,1,10,4,3,1,2,0
1038,48,2,2,2,2,7,0,0,4,0,15,3,2,2,2,0
1039,34,2,5,0,2,1,2,1,1,0,2,0,2,2,2,1
1040,40,0,3,3,1,5,1,0,2,0,16,5,9,8,8,0
1041,28,2,3,3,2,7,0,2,0,0,6,4,5,4,3,0
1042,44,0,1,2,1,2,2,2,3,0,7,5,5,2,3,0
1043,53,2,3,3,3,5,1,2,4,0,35,2,9,8,8,0
1044,49,2,5,0,2,0,2,1,2,0,20,0,3,2,2,0
1045,40,2,3,2,2,6,2,0,2,0,8,3,3,1,2,0
1046,44,2,1,3,2,6,1,2,1,0,6,3,5,2,3,0
1047,33,1,3,3,2,7,0,1,0,0,5,2,4,3,3,0
1048,34,2,4,3,0,7,0,2,3,0,15,2,13,9,12,0
1049,30,2,1,3,2,7,2,1,8,0,4,2,2,1,2,0
1050,42,1,3,0,2,2,3,2,1,0,12,3,12,9,8,0
1051,44,1,2,0,2,7,2,1,7,0,11,4,1,0,0,0
1052,30,0,5,2,2,6,2,0,1,0,1,2,1,0,0,0
1053,57,2,1,1,3,6,2,1,0,0,13,2,12,9,8,0
1054,49,2,1,2,2,0,1,0,3,0,29,3,8,7,7,0
1055,34,1,3,1,2,5,0,0,7,0,16,3,14,8,9,0
1056,28,1,5,0,2,8,2,1,3,0,5,3,3,2,2,1
1057,29,1,5,0,2,7,1,2,5,0,7,4,5,3,0,1
1058,34,2,3,0,1,7,1,2,0,1,16,2,15,9,10,1
1059,35,2,1,3,2,8,2,1,1,0,1,3,1,0,0,0
1060,24,1,3,1,2,2,0,2,2,1,4,2,0,0,0,1
1061,24,0,1,3,2,8,1,1,1,0,1,2,1,0,0,0
1062,44,1,3,1,2,4,2,2,5,1,16,2,2,2,2,0
1063,29,2,1,2,1,7,2,0,1,0,10,3,10,7,4,0
1064,30,2,1,2,2,1,2,0,0,0,6,3,5,3,3,0
1065,55,2,1,3,2,0,2,1,0,1,4,2,3,2,2,0
1066,33,2,3,0,1,2,1,1,8,0,8,5,5,4,2,0
1067,47,2,3,2,2,7,2,1,3,1,11,4,5,4,2,0
1068,28,1,3,2,1,2,0,2,7,0,8,2,0,0,0,1
1069,28,2,1,0,1,6,2,0,1,0,1,2,1,0,0,0
1070,28,1,1,2,2,7,0,2,0,0,5,5,4,2,3,0
1071,49,2,3,2,1,2,0,1,4,0,10,3,3,2,2,0
1072,29,1,1,3,2,2,1,1,0,0,4,3,3,2,2,0
1073,28,2,1,2,0,4,1,1,1,0,8,2,8,6,7,0
1074,33,2,1,3,2,0,2,2,2,1,14,6,0,0,0,0
1075,32,2,3,2,2,3,3,2,2,0,10,5,5,2,0,0
1076,54,1,3,1,2,3,3,0,3,0,26,2,14,9,12,0
1077,29,2,5,0,1,6,0,2,6,0,11,2,9,7,7,1
1078,44,2,1,3,2,5,0,1,3,0,24,1,20,6,17,0
1079,39,2,1,1,2,4,1,2,4,0,9,3,2,0,2,0
1080,46,2,1,2,2,3,1,1,8,0,23,2,13,12,1,0
1081,35,2,1,3,1,0,1,2,1,0,11,3,11,8,3,0
1082,23,2,1,0,2,2,2,2,0,0,5,2,4,3,2,0
1083,40,2,1,3,2,2,0,2,3,0,15,3,5,4,0,1
1084,34,2,5,3,1,7,2,1,1,1,10,3,10,9,6,0
1085,31,1,1,3,2,6,2,2,1,0,7,2,7,2,7,1
1086,50,1,3,2,0,5,3,2,1,1,32,2,32,6,9,0
1087,34,2,5,1,2,8,2,1,0,1,12,4,11,10,7,0
1088,42,2,3,2,1,2,1,1,4,0,4,3,1,0,0,0
1089,37,2,3,0,2,6,3,1,1,0,10,2,10,8,7,0
1090,29,2,4,2,0,0,0,1,3,0,9,3,7,7,7,0
1091,33,2,1,3,1,4,1,2,1,0,5,2,5,3,2,0
1092,45,2,5,3,2,6,3,1,4,0,8,3,5,4,3,0
1093,42,1,1,3,2,0,3,1,2,1,24,3,20,8,9,0
1094,40,2,3,0,2,7,0,1,0,0,9,5,8,4,1,0
1095,33,2,1,1,2,2,2,1,1,1,15,3,15,14,7,0
1096,40,2,3,2,2,3,3,2,1,1,21,2,21,7,7,0
1097,24,2,5,2,1,2,0,0,0,0,2,3,1,1,0,0
1098,40,0,1,3,2,0,3,0,3,1,8,2,2,2,2,0
1099,45,2,5,0,2,0,1,0,1,0,10,4,10,8,7,0
1100,35,2,1,1,1,8,2,1,0,0,6,5,5,3,2,0
1101,32,2,1,3,1,6,1,1,3,0,12,2,7,1,5,0
1102,36,2,1,2,2,8,3,2,3,1,7,3,3,2,2,0
1103,48,2,1,2,2,7,2,0,8,0,18,2,8,7,7,0
1104,29,2,1,2,3,6,2,1,6,0,5,2,1,0,0,0
1105,33,2,1,0,2,7,0,1,2,0,8,6,2,2,2,0
1106,30,2,1,1,1,7,0,1,1,0,10,4,10,8,7,1
1107,38,1,0,2,2,1,2,1,3,0,10,2,6,3,2,0
1108,35,2,3,3,1,2,0,2,1,0,3,3,3,0,2,0
1109,30,2,5,2,2,7,1,1,3,0,9,3,4,2,3,0
1110,35,2,1,0,2,2,0,0,1,1,1,2,1,0,0,1
1111,53,2,5,2,1,4,3,1,0,0,34,4,33,7,9,1
1112,38,2,3,2,2,4,1,1,4,0,7,2,5,2,4,1
1113,32,0,5,3,2,6,0,1,4,0,9,3,6,5,2,0
1114,48,2,4,2,2,6,0,1,8,0,10,3,8,2,6,0
1115,34,2,3,0,2,6,3,2,1,0,1,4,1,0,0,0
1116,55,2,2,2,1,3,3,1,1,0,36,3,36,6,13,0
1117,34,2,1,1,2,6,3,1,9,0,9,3,2,2,1,0
1118,26,2,1,0,2,6,3,1,1,0,1,5,1,0,0,0
1119,38,2,1,2,2,7,1,1,0,0,10,3,9,8,7,0
1120,38,2,1,1,2,7,1,2,2,0,8,5,3,2,2,0
1121,36,2,1,1,2,7,2,2,6,0,15,5,1,0,0,0
1122,29,2,3,1,2,2,0,2,1,1,10,3,10,9,5,0
1123,35,2,3,0,2,0,2,2,3,1,10,4,5,2,4,0
1124,39,2,3,3,3,7,2,1,2,0,11,3,7,6,6,0
1125,29,1,1,0,2,0,3,0,1,0,6,0,6,4,3,0
1126,50,2,2,2,2,3,2,1,4,1,27,2,1,0,0,0
1127,23,2,5,3,3,6,2,1,2,0,4,2,2,2,2,0
1128,36,1,1,0,3,2,0,1,3,1,9,3,3,2,2,0
1129,42,2,4,3,1,3,3,2,8,0,24,2,1,0,1,0
1130,35,2,1,1,3,2,2,1,1,0,10,3,10,9,8,0
1131,34,1,5,3,1,0,2,1,1,0,8,3,8,2,7,0
1132,40,2,1,3,2,7,0,1,1,0,5,2,5,4,2,0
1133,43,2,5,3,3,2,1,0,5,0,8,0,6,4,2,0
1134,35,2,1,2,1,2,3,1,1,0,1,5,1,0,1,0
1135,46,2,1,3,3,3,0,2,1,0,27,5,26,0,12,0
1136,28,2,3,2,2,2,1,1,1,1,1,3,1,1,0,1
1137,22,0,4,1,1,6,2,1,1,1,4,2,4,2,3,0
1138,50,1,3,1,2,0,2,1,2,1,32,3,30,8,13,0
1139,32,2,4,1,3,6,3,1,3,0,6,3,3,2,2,0
1140,44,2,3,1,2,5,3,0,0,1,23,4,22,7,10,0
1141,30,2,3,1,1,6,1,1,1,0,6,3,6,4,1,0
1142,45,2,3,2,0,2,0,2,1,1,10,3,10,7,4,0
1143,45,0,2,0,1,7,0,1,1,0,10,2,10,7,5,0
1144,31,1,4,3,2,7,0,2,7,0,10,3,5,2,3,0
1145,36,2,1,2,2,4,2,1,9,1,7,2,3,2,1,0
1146,34,1,1,2,3,4,3,0,1,0,9,3,9,7,2,0
1147,49,2,1,2,2,2,0,1,1,0,10,3,9,6,4,0
1148,39,2,3,1,2,4,0,1,2,0,10,3,7,7,7,0
1149,27,2,4,3,1,2,0,0,1,0,7,3,7,7,7,0
1150,35,2,1,1,3,6,0,1,1,0,16,2,16,15,10,0
1151,28,2,3,1,0,4,0,0,0,0,6,5,5,3,0,0
1152,21,2,3,2,2,6,3,2,1,0,3,2,2,2,2,0
1153,18,1,3,1,2,8,3,2,1,1,0,2,0,0,0,1
1154,47,2,1,3,2,3,2,1,3,0,27,2,5,2,0,0
1155,39,2,3,2,1,2,2,0,0,0,11,3,10,8,7,0
1156,40,2,1,0,1,4,2,1,1,0,18,2,18,15,12,0
1157,35,0,1,2,2,0,2,1,1,0,15,5,14,11,9,0
1158,37,2,1,2,2,4,2,1,3,0,9,2,4,3,2,0
1159,39,1,3,0,2,4,2,2,0,0,10,2,9,2,8,0
1160,45,2,4,3,1,4,3,0,1,0,10,3,10,7,9,0
1161,38,2,3,3,1,4,2,1,3,1,10,6,5,4,2,0
1162,35,2,3,3,1,7,0,1,9,0,15,3,13,12,0,1
1163,37,2,3,1,2,6,1,1,1,0,8,2,8,4,7,0
1164,40,2,1,2,2,4,3,2,6,1,18,2,4,2,3,0
1165,44,1,0,0,2,1,3,1,4,1,14,3,10,7,2,0
1166,48,1,3,2,1,3,3,1,2,0,23,3,2,2,2,0
1167,35,2,3,0,0,7,3,0,6,1,7,2,2,2,2,1
1168,24,1,5,0,2,6,3,2,1,1,6,2,6,3,3,0
1169,27,2,3,1,3,6,2,1,7,0,5,0,3,2,2,0
1170,27,1,3,3,2,6,3,2,2,0,6,0,4,2,2,0
1171,40,2,1,0,2,2,0,2,3,1,10,3,4,2,3,1
1172,29,2,3,2,1,7,2,2,9,0,8,2,5,2,4,0
1173,36,2,1,1,2,0,0,1,4,0,9,6,3,2,2,0
1174,25,1,1,3,3,4,2,0,1,0,7,6,7,7,7,0
1175,39,2,3,3,2,4,1,1,4,0,7,3,5,4,0,0
1176,49,2,4,0,2,5,1,1,3,0,27,2,4,2,2,0
1177,50,2,1,3,1,5,0,0,5,0,19,3,14,11,11,0
1178,20,2,3,2,2,8,2,2,1,0,2,3,2,2,2,0
1179,34,2,1,3,2,6,1,0,1,0,11,2,11,8,9,0
1180,36,2,1,0,2,2,1,2,2,0,15,4,4,3,3,0
1181,49,2,1,2,1,0,2,1,2,1,30,3,15,11,12,0
1182,36,0,3,3,1,4,2,1,0,0,4,6,3,2,2,0
1183,36,2,1,3,3,0,0,0,6,0,13,3,5,4,4,0
1184,54,2,3,1,2,3,2,1,3,0,36,6,10,8,7,0
1185,43,2,1,2,1,5,2,1,1,0,14,3,14,10,11,0
1186,35,1,4,3,2,7,3,2,3,1,13,2,11,9,7,1
1187,38,1,1,3,2,6,3,1,7,0,19,4,13,11,9,0
1188,29,2,3,0,1,7,1,0,1,1,10,3,10,0,9,0
1189,33,2,3,3,2,7,3,0,1,0,6,5,6,2,4,0
1190,32,2,3,3,2,6,1,0,0,0,10,4,9,5,6,0
1191,31,2,1,0,2,7,3,1,1,0,10,2,10,0,2,0
1192,49,2,3,3,2,2,0,0,4,1,17,2,2,2,2,0
1193,38,1,3,3,1,2,1,2,1,0,4,3,4,3,3,0
1194,47,2,1,1,3,3,1,0,6,0,29,2,3,2,2,0
1195,49,2,1,2,2,3,2,2,4,0,23,2,8,7,0,0
1196,41,2,1,3,2,7,2,2,3,1,21,2,2,0,2,0
1197,20,2,1,3,2,8,0,2,1,0,2,3,2,2,2,0
1198,33,0,1,2,2,7,3,0,1,1,7,2,6,5,2,0
1199,36,2,1,0,2,0,2,1,6,0,10,2,3,2,2,0
1200,44,2,1,2,2,1,3,0,4,1,8,2,2,2,2,0
1201,23,2,3,3,1,2,2,2,1,1,5,2,5,4,2,1
1202,38,2,3,3,2,2,2,1,7,0,7,5,0,0,0,0
1203,53,2,3,1,3,0,3,1,3,0,11,2,4,3,2,0
1204,48,1,3,3,2,8,2,1,2,1,19,3,9,7,7,1
1205,32,2,1,3,2,2,1,2,1,0,1,2,1,0,0,1
1206,26,0,3,3,2,2,3,2,1,0,7,5,7,7,7,0
1207,55,2,5,0,1,6,1,0,5,0,8,1,4,2,2,0
1208,34,2,3,1,1,2,3,1,1,0,15,3,15,10,13,0
1209,60,2,3,2,0,0,3,0,3,0,19,2,1,0,0,0
1210,33,2,3,1,3,2,1,1,1,0,14,6,14,11,13,0
1211,37,1,3,2,0,7,3,0,1,0,6,2,6,3,3,0
1212,34,2,1,1,1,6,3,1,1,0,10,3,10,9,7,0
1213,23,2,1,2,2,8,3,0,1,1,3,2,3,2,2,1
1214,44,2,1,2,3,0,3,1,1,1,9,2,8,7,7,0
1215,35,1,3,0,1,6,3,2,0,1,6,2,5,4,4,0
1216,43,2,3,3,2,7,3,1,1,1,10,3,10,9,8,0
1217,24,2,3,2,3,6,2,1,1,0,5,1,5,3,4,0
1218,41,2,2,3,2,7,2,2,1,0,10,3,10,8,7,0
1219,29,2,3,3,2,2,2,1,9,0,9,2,5,3,2,0
1220,36,2,1,2,2,8,3,2,3,0,17,2,13,7,7,0
1221,45,0,1,2,1,0,2,1,3,0,25,3,23,15,4,0
1222,24,2,0,3,0,1,2,1,1,0,1,2,1,0,0,1
1223,47,1,1,2,0,7,2,1,7,0,25,3,23,5,10,1
1224,26,2,3,3,0,2,2,1,1,0,3,3,3,2,2,0
1225,45,2,5,3,1,5,1,2,1,0,21,2,21,6,6,0
1226,32,1,1,0,2,6,2,1,6,0,10,3,5,2,3,0
1227,31,2,1,1,2,2,2,1,1,0,6,2,5,2,3,0
1228,41,0,0,2,0,1,1,1,6,0,10,4,3,2,2,0
1229,40,2,1,1,2,4,0,1,2,1,18,3,1,0,0,0
1230,24,2,3,1,2,2,0,0,1,0,6,2,6,2,2,0
1231,46,2,1,2,2,0,1,2,6,0,19,3,10,7,9,0
1232,35,2,1,3,2,4,2,1,2,0,17,3,7,7,7,0
1233,30,2,1,1,2,6,3,1,1,0,10,2,10,0,8,0
1234,47,0,2,2,2,7,1,1,7,0,4,3,1,0,0,0
1235,46,2,1,2,2,7,3,0,4,1,13,5,10,6,3,0
1236,36,2,2,1,1,7,0,0,5,1,16,3,2,2,2,1
1237,32,2,1,0,0,7,1,2,6,0,10,2,0,0,0,1
1238,23,2,3,2,2,2,1,2,1,0,3,3,3,2,2,0
1239,31,1,5,3,2,4,3,2,2,0,9,3,5,4,4,0
1240,39,0,1,3,2,2,3,1,1,1,9,2,9,8,8,0
1241,32,2,1,3,0,7,2,1,3,0,10,2,4,3,2,0
1242,40,2,3,1,2,3,1,2,1,0,21,3,21,8,8,0
1243,45,2,1,2,0,1,2,1,4,0,9,2,5,0,3,0
1244,30,1,5,3,1,6,0,2,0,0,10,2,9,7,7,0
1245,24,1,3,0,2,1,3,1,0,0,3,2,2,2,1,0
1246,30,1,0,2,1,1,3,0,6,0,6,0,4,2,2,1
1247,31,2,5,0,2,7,2,1,1,0,6,3,5,2,2,0
1248,27,2,3,2,2,6,3,2,1,0,6,5,6,2,4,0
1249,29,2,2,1,0,8,1,2,1,0,2,3,2,2,2,1
1250,29,1,1,3,3,0,2,2,8,1,10,5,3,2,2,0
1251,30,2,2,2,1,7,0,0,2,0,12,2,7,7,7,0
1252,34,2,3,3,3,6,3,1,0,1,6,3,5,0,2,0
1253,33,0,2,3,2,7,1,2,8,0,13,2,11,7,7,0
1254,49,2,2,3,2,7,3,2,3,0,8,1,5,1,4,0
1255,33,2,1,0,2,7,0,2,2,1,11,2,0,0,0,1
1256,38,1,3,2,1,2,1,1,4,0,9,4,6,1,5,0
1257,31,2,2,0,2,7,2,1,2,0,10,2,1,0,0,1
1258,29,2,5,3,1,6,0,0,1,0,1,2,1,0,0,0
1259,30,2,1,2,3,0,2,1,3,0,10,3,7,0,7,0
1260,32,0,5,1,2,6,1,2,2,0,12,3,7,7,7,0
1261,38,2,3,1,0,0,3,1,3,1,15,2,1,0,0,0
1262,43,1,5,2,1,6,2,1,9,1,6,4,1,0,0,1
1263,42,2,3,1,2,2,1,0,8,0,7,6,5,3,4,0
1264,55,2,3,2,1,5,0,1,8,0,34,2,1,0,0,0
1265,33,0,5,3,2,6,1,0,5,0,11,2,9,8,7,0
1266,41,2,1,2,2,2,0,0,1,0,5,2,5,3,4,0
1267,34,0,1,3,2,7,2,0,1,1,15,3,15,14,7,0
1268,53,0,3,0,1,4,2,1,4,1,27,2,3,2,2,0
1269,43,2,1,1,2,1,3,2,0,0,10,5,9,7,8,0
1270,34,2,1,3,0,7,3,2,5,0,6,3,2,2,2,0
1271,21,2,2,1,2,8,1,2,1,0,1,3,1,0,0,1
1272,38,2,4,3,1,2,2,1,1,0,5,3,5,4,4,0
1273,22,2,3,2,2,2,0,1,1,1,1,6,1,0,0,1
1274,31,2,2,0,1,7,3,1,1,0,13,3,12,7,7,0
1275,51,2,5,0,2,3,2,1,2,0,15,2,2,2,2,0
1276,37,2,2,1,1,7,1,1,1,0,5,2,5,2,3,0
1277,46,2,3,2,2,5,3,0,7,1,24,3,2,1,2,0
1278,36,2,1,3,2,0,0,1,7,1,15,1,12,8,7,0
1279,44,1,3,2,2,6,1,0,1,1,6,2,5,3,3,1
1280,37,2,4,2,2,1,1,0,2,0,19,4,10,0,7,0
1281,35,2,1,2,2,7,3,2,1,1,10,2,10,7,7,1
1282,33,2,1,3,3,6,0,1,6,0,14,1,10,8,6,0
1283,28,2,1,2,2,6,3,1,1,0,5,6,5,3,3,0
1284,39,2,3,2,2,5,2,2,7,0,9,3,4,3,2,0
1285,46,0,1,1,1,7,1,2,8,0,6,3,2,2,2,0
1286,40,2,1,2,2,2,0,1,4,0,7,5,4,3,2,0
1287,42,2,3,1,3,0,0,1,5,0,10,2,0,0,0,0
1288,35,0,3,1,2,4,3,0,2,0,15,6,7,7,7,0
1289,38,0,0,0,2,1,1,0,5,0,13,3,11,10,8,0
1290,34,1,1,3,2,2,0,1,4,0,11,3,7,1,7,1
1291,37,2,3,3,2,4,0,2,1,0,10,4,10,3,8,1
1292,39,1,1,2,2,7,3,0,2,0,7,6,2,1,2,0
1293,43,0,1,0,2,6,2,2,4,0,7,2,3,2,2,0
1294,41,2,1,1,3,0,1,2,3,0,11,3,3,2,2,0
1295,41,2,2,2,2,7,2,0,0,1,23,3,22,14,5,0
1296,30,2,3,0,2,4,2,2,9,0,9,3,7,7,2,0
1297,26,2,3,3,2,1,1,1,0,1,6,3,5,1,4,1
1298,46,2,3,3,2,0,1,1,4,0,13,2,9,7,7,1
1299,40,2,1,2,2,0,3,0,4,0,12,3,5,3,3,0
1300,34,2,5,1,3,7,2,1,1,0,10,5,10,8,8,0
1301,58,0,3,1,2,3,1,0,4,0,37,0,16,9,14,0
1302,35,2,3,1,0,2,2,1,0,0,6,2,5,4,3,0
1303,47,2,1,2,1,4,1,0,8,1,28,4,22,11,10,0
1304,40,2,1,1,2,0,0,0,2,0,15,3,7,4,7,0
1305,54,2,3,3,2,6,3,1,4,0,14,2,7,1,7,0
1306,31,1,2,0,2,7,0,1,2,0,9,3,3,2,2,0
1307,28,2,3,2,2,6,0,1,1,0,3,3,3,2,2,0
1308,38,2,2,1,0,8,3,1,2,1,20,4,4,2,3,0
1309,26,2,3,2,2,7,3,2,1,0,5,4,5,3,2,0
1310,58,1,1,0,2,5,2,1,2,1,23,3,2,2,2,0
1311,18,0,3,1,2,6,2,2,1,0,0,4,0,0,0,0
1312,31,2,0,3,3,1,0,1,0,0,2,4,1,0,0,1
1313,29,2,0,0,1,1,0,0,4,1,4,3,2,2,0,1
1314,45,0,1,2,2,7,2,1,4,0,10,3,8,7,7,0
1315,36,2,4,3,2,6,1,1,4,1,15,2,1,0,0,0
1316,43,1,1,0,2,7,3,1,1,0,7,5,7,7,7,0
1317,27,1,1,3,2,2,3,2,0,1,6,3,5,4,2,0
1318,29,1,3,3,2,2,3,1,1,0,11,3,11,8,10,0
1319,32,1,2,3,2,7,3,2,8,0,4,2,0,0,0,0
1320,42,0,5,2,2,6,2,1,3,0,10,1,6,3,3,0
1321,47,2,1,1,2,2,2,2,4,0,7,2,2,2,0,0
1322,46,2,1,3,2,4,3,0,3,0,12,4,9,8,7,0
1323,28,0,1,2,2,1,3,0,1,0,3,2,3,2,2,0
1324,29,2,1,3,0,0,2,0,8,0,11,3,7,0,6,0
1325,42,2,1,3,2,2,2,2,4,0,8,3,0,0,0,0
1326,32,2,2,2,1,7,1,2,7,1,7,3,2,2,2,1
1327,46,2,5,0,3,7,0,0,2,0,25,5,19,17,8,0
1328,27,2,3,1,1,8,2,1,1,0,9,5,9,8,8,0
1329,29,2,3,3,1,1,1,1,1,0,1,3,1,0,0,0
1330,43,2,3,0,1,3,2,1,7,0,21,2,16,12,14,0
1331,48,2,1,3,1,5,1,1,4,0,29,3,22,10,9,0
1332,29,1,1,3,1,6,3,2,1,1,1,3,1,0,0,1
1333,46,2,1,2,2,7,1,1,5,0,14,2,8,7,7,1
1334,27,1,1,3,1,6,0,1,0,0,8,2,7,6,3,0
1335,39,2,4,3,2,6,3,0,8,0,7,2,2,2,2,0
1336,55,2,5,1,1,6,3,1,8,0,19,2,5,2,4,0
1337,28,2,3,1,2,8,1,1,1,0,1,3,1,0,0,0
1338,30,2,3,1,2,8,3,2,1,0,1,3,1,0,0,1
1339,22,2,1,3,2,6,1,2,1,1,1,2,1,0,0,1
1340,36,2,5,1,1,7,2,1,1,1,10,4,10,9,7,0
1341,31,2,1,1,2,2,2,0,1,0,10,2,10,8,2,0
1342,34,2,1,2,2,7,3,1,2,1,9,3,5,3,0,0
1343,29,2,1,3,2,2,0,2,3,0,11,2,3,2,2,0
1344,37,2,3,3,2,6,0,1,5,1,16,2,5,3,4,0
1345,35,2,4,3,1,4,1,1,0,1,4,2,3,2,2,0
1346,45,2,1,1,1,4,3,1,0,0,10,2,9,8,8,0
1347,36,1,0,1,1,1,3,2,1,0,10,2,10,1,8,0
1348,40,2,1,0,2,3,0,0,2,0,22,3,19,7,16,0
1349,26,2,1,1,1,6,2,1,1,1,1,3,1,0,0,0
1350,27,2,3,0,3,7,2,2,0,0,9,5,8,7,7,0
1351,48,1,3,3,2,3,3,0,3,0,24,3,22,17,7,0
1352,44,2,1,1,3,0,0,1,2,0,10,5,2,0,2,0
1353,34,0,5,3,0,6,0,1,1,1,5,2,5,2,0,1
1354,56,2,1,0,2,2,3,2,1,0,5,3,4,2,0,1
1355,36,2,2,2,1,7,1,1,2,0,12,1,4,2,3,0
1356,41,2,2,2,2,7,1,1,5,0,14,3,5,4,4,0
1357,42,2,3,2,2,5,0,1,9,0,18,3,13,7,7,0
1358,31,2,3,2,2,7,3,0,2,1,8,2,5,2,4,0
1359,34,2,3,3,1,7,3,1,3,1,9,3,4,2,1,0
1360,31,2,3,0,3,2,2,0,8,0,4,0,2,2,2,0
1361,26,1,4,2,3,2,3,1,0,0,8,3,7,7,7,0
1362,45,1,3,1,2,0,2,2,4,0,12,3,4,2,3,0
1363,33,2,2,1,2,7,2,2,1,0,10,2,10,4,9,0
1364,28,1,1,2,1,7,3,1,1,1,7,2,7,7,7,0
1365,29,1,5,2,3,8,0,2,1,0,1,3,1,0,0,1
1366,39,0,1,0,0,7,2,1,6,0,10,1,3,2,2,0
1367,27,2,5,1,2,6,1,1,1,0,6,3,5,3,2,0
1368,34,1,4,2,1,6,3,1,1,1,16,3,15,10,11,0
1369,28,2,2,3,2,7,2,2,3,1,6,0,2,0,2,1
1370,47,0,5,2,2,6,1,1,8,0,16,4,8,7,7,0
1371,56,2,2,3,1,7,0,1,4,0,6,3,0,0,0,0
1372,39,2,3,0,2,4,0,1,1,0,10,3,10,0,9,0
1373,38,1,3,3,1,6,1,0,1,1,20,3,20,11,7,0
1374,58,2,1,3,2,3,3,1,4,1,29,2,1,0,0,0
1375,32,1,1,0,3,6,2,2,3,1,8,2,4,1,3,1
1376,38,2,1,1,2,6,3,0,2,0,10,0,5,2,3,0
1377,49,1,1,1,2,5,3,1,3,0,28,3,5,4,3,0
1378,42,2,2,1,2,7,3,0,3,1,14,4,0,0,0,0
1379,27,1,0,0,1,1,1,1,1,0,1,2,1,0,0,1
1380,35,2,3,1,2,7,0,1,0,0,6,2,5,3,4,0
1381,28,0,3,2,2,6,2,2,1,0,5,3,5,3,4,0
1382,31,0,3,2,2,6,0,0,1,1,4,3,4,2,3,0
1383,36,0,1,0,3,2,1,1,1,0,5,3,5,4,2,0
1384,34,2,2,0,2,7,3,2,1,0,14,3,14,8,1,0
1385,34,2,3,3,2,7,2,0,1,0,9,2,8,7,1,0
1386,26,2,3,2,2,2,0,2,0,0,8,6,7,7,6,0
1387,29,2,1,0,2,0,0,1,0,0,6,5,5,3,2,0
1388,32,0,3,2,2,0,3,0,5,0,9,6,5,1,2,0
1389,31,1,1,3,0,6,0,1,1,0,10,6,10,8,7,0
1390,28,2,5,2,1,2,3,0,5,0,6,2,4,1,3,1
1391,38,2,1,0,1,8,0,2,4,0,20,3,1,0,0,0
1392,35,2,1,2,2,7,3,1,1,1,10,2,10,8,9,0
1393,27,2,2,3,2,7,3,2,1,0,7,5,7,7,7,0
1394,32,2,1,3,1,4,3,2,8,0,8,1,1,0,0,0
1395,31,1,2,0,2,7,3,1,1,1,10,4,10,7,8,1
1396,53,2,1,0,2,7,0,2,6,1,15,2,2,2,2,1
1397,54,2,1,0,2,6,2,1,3,0,9,6,4,3,3,0
1398,33,1,1,3,2,0,2,0,1,0,9,2,9,7,8,0
1399,43,2,1,0,2,0,2,1,1,0,10,1,10,9,9,0
1400,38,1,4,3,2,1,1,1,0,1,7,2,6,2,2,0
1401,55,2,0,2,3,3,1,1,4,1,35,0,10,9,4,0
1402,31,2,3,3,0,2,3,0,1,1,1,4,1,0,0,0
1403,39,2,2,1,2,7,0,2,0,0,21,3,20,8,10,0
1404,42,0,1,3,1,6,2,2,1,0,20,2,20,9,7,0
1405,31,0,3,2,2,5,2,1,4,0,13,2,11,7,8,0
1406,54,2,3,2,2,4,0,2,6,1,9,3,5,2,4,0
1407,24,2,1,1,1,0,2,2,1,0,4,2,4,3,2,0
1408,23,2,4,3,2,2,3,2,1,0,5,6,5,2,4,0
1409,40,1,5,3,2,2,2,1,1,0,10,2,10,9,4,0
1410,40,2,2,1,2,7,1,1,3,0,15,4,11,8,10,0
1411,25,2,0,2,2,1,1,1,4,0,6,3,2,0,2,0
1412,30,2,3,3,2,2,1,1,1,0,12,6,12,8,7,0
1413,25,2,4,3,2,2,2,0,6,1,7,2,2,2,2,0
1414,47,2,3,0,2,0,2,2,2,0,25,3,17,14,11,0
1415,33,0,3,1,1,2,2,0,1,0,1,2,1,1,0,0
1416,38,2,1,3,2,7,1,1,0,0,16,3,15,13,8,0
1417,31,2,1,0,2,8,2,1,0,0,3,1,2,2,2,0
1418,38,1,1,0,1,4,2,1,2,0,10,1,8,3,7,0
1419,42,2,1,3,2,6,0,0,6,1,9,3,4,3,2,0
1420,41,2,1,3,2,6,3,1,3,0,12,3,5,3,0,0
1421,47,0,3,2,2,5,1,1,0,0,14,3,13,8,12,0
1422,35,2,3,3,2,2,2,1,7,1,5,3,2,2,2,0
1423,22,2,1,3,2,6,2,2,0,0,4,2,3,2,2,0
1424,35,2,3,1,2,6,2,2,1,0,10,5,10,7,8,0
1425,33,2,3,1,2,0,3,1,0,1,10,6,9,7,1,0
1426,32,2,1,2,1,2,1,2,1,0,6,3,6,2,1,0
1427,40,2,1,0,2,2,3,1,8,0,8,3,1,0,0,0
1428,32,2,3,1,1,8,1,1,0,0,3,2,2,2,2,0
1429,39,2,1,0,2,6,3,2,7,0,18,2,7,7,7,0
1430,38,2,3,1,0,5,2,1,3,0,20,3,18,16,11,0
1431,32,2,2,2,2,7,3,1,1,0,14,3,14,10,7,0
1432,37,2,1,2,3,5,3,1,1,1,16,2,16,11,8,0
1433,25,2,4,0,2,7,2,0,0,1,6,3,5,3,4,0
1434,52,0,1,0,2,8,3,0,2,0,16,3,9,8,0,0
1435,44,2,3,1,2,6,3,2,6,1,6,2,4,3,2,0
1436,21,2,3,2,2,8,0,2,1,1,2,6,2,2,2,0
1437,39,0,1,3,2,3,3,2,2,0,21,3,6,0,3,0
1438,23,1,2,3,2,8,0,1,1,0,1,3,1,0,0,1
1439,36,2,3,0,1,7,3,1,0,0,10,2,9,7,4,0
1440,36,1,1,3,2,4,1,0,7,0,18,3,4,2,2,0
1441,56,0,1,2,2,0,2,0,1,0,13,2,13,12,9,0
1442,29,2,3,0,2,6,3,1,9,1,4,3,2,2,2,1
1443,42,2,1,0,2,3,2,1,5,0,24,2,22,6,14,0
1444,56,2,5,3,2,2,2,1,8,0,14,4,10,9,8,1
1445,41,2,1,0,1,4,1,1,0,0,21,3,20,7,10,0
1446,34,2,2,3,1,7,2,1,1,0,8,2,8,7,7,0
1447,36,0,2,3,0,7,3,0,1,0,15,4,15,12,11,0
1448,41,2,1,2,1,7,1,0,2,0,14,5,5,4,4,0
1449,32,2,5,3,2,6,0,2,1,0,4,4,4,2,2,0
1450,35,2,1,2,2,1,3,2,1,1,9,2,9,0,7,0
1451,38,2,1,0,2,7,3,1,1,0,10,1,10,7,9,0
1452,50,1,1,1,2,7,2,0,7,0,12,3,6,3,1,1
1453,36,2,2,1,1,7,3,1,4,0,8,2,6,3,0,0
1454,45,2,1,3,2,7,2,2,8,0,8,3,5,3,1,0
1455,40,2,1,2,1,6,2,2,2,0,8,2,2,2,2,0
1456,35,1,1,2,2,0,2,1,1,1,10,2,10,2,2,0
1457,40,2,3,2,2,6,2,1,2,0,20,2,5,3,2,0
1458,35,2,1,2,0,6,3,1,1,0,4,5,4,3,1,0
1459,29,2,4,3,1,2,1,1,4,1,10,2,4,3,3,0
1460,29,2,3,3,1,6,0,2,1,0,5,3,5,4,4,0
1461,50,2,2,3,1,7,0,0,4,1,20,3,3,2,0,1
1462,39,2,2,1,1,7,3,1,0,0,21,2,20,9,6,0
1463,31,0,3,1,2,4,0,2,0,0,10,2,9,4,7,0
1464,26,2,4,3,1,8,2,2,0,0,5,2,4,2,0,0
1465,36,1,3,2,3,2,3,1,4,0,17,3,5,2,3,0
1466,39,2,3,3,1,0,0,1,4,0,9,5,7,7,7,0
1467,27,2,1,1,3,4,1,1,1,1,6,0,6,2,3,0
1468,49,1,3,3,1,7,1,1,2,0,17,3,9,6,8,0
1469,34,2,3,1,3,2,2,1,2,0,6,3,4,3,2,0
1470,57,1,1,3,1,2,2,0,8,1,3,3,0,0,0,1
1471,42,1,1,0,0,6,1,1,7,0,6,2,2,1,1,1
1472,38,1,4,2,1,2,2,1,6,1,6,3,0,0,0,1
1473,26,2,2,0,1,2,2,0,1,0,1,0,1,0,0,1
1474,44,1,1,0,2,2,0,1,4,0,9,3,3,2,2,1
1475,28,1,3,1,1,6,2,1,1,0,4,3,3,2,1,1
1476,42,1,1,0,2,6,1,2,1,0,7,4,7,5,4,1
1477,50,1,2,1,1,7,2,1,1,1,3,2,1,1,1,1
1478,46,1,1,1,0,6,1,1,6,0,25,2,23,5,10,1
1479,40,1,1,1,1,7,0,2,0,1,20,2,19,9,13,1
1480,32,2,3,1,1,6,0,1,7,0,13,2,11,10,2,1
1481,34,1,4,2,2,6,0,2,0,1,9,2,8,7,7,1
1482,39,2,2,2,2,2,0,1,6,1,8,2,2,2,2,1
1483,52,2,1,1,2,6,1,1,8,0,10,2,8,7,7,1
1484,34,1,2,0,0,0,1,1,4,0,13,2,1,0,0,1
1485,45,1,1,1,2,6,2,2,2,1,6,3,5,4,2,1
1486,34,1,1,3,2,5,1,0,1,1,10,3,10,2,7,1
1487,20,1,1,2,1,2,1,1,1,1,1,5,1,0,0,1
1488,32,1,1,3,2,2,0,1,2,0,10,3,8,1,7,1
1489,32,1,1,3,2,8,1,2,1,1,1,2,1,0,0,1
1490,29,1,1,2,1,6,0,2,6,0,3,4,0,0,0,1
1491,53,1,1,0,2,7,2,1,6,0,24,2,19,6,8,1
1492,43,0,1,2,2,2,1,0,3,1,19,0,1,0,0,1
1493,44,1,2,1,1,7,2,2,1,0,8,3,8,7,7,1
1494,50,1,1,0,0,4,2,1,2,0,18,2,4,2,3,1
1495,29,2,1,3,0,7,0,1,1,0,11,2,11,8,9,1
1496,18,1,2,2,2,8,1,2,1,1,0,2,0,0,0,1
1497,28,1,5,0,1,7,1,1,3,0,5,2,2,2,1,1
1498,20,2,3,3,1,6,1,2,1,0,1,2,1,0,0,1
1499,21,1,1,2,2,8,0,1,1,0,1,0,1,0,0,1
1500,26,2,4,2,0,2,2,1,1,1,1,3,1,0,0,1
1501,29,1,1,2,1,6,0,2,6,0,3,4,0,0,0,1
1502,29,2,2,1,0,6,2,1,1,1,4,2,3,2,1,1
1503,39,0,1,0,1,2,0,2,2,1,10,2,1,0,0,1
1504,29,1,1,1,1,7,0,1,1,0,1,2,1,0,0,1
1505,40,1,2,2,1,6,1,0,1,1,7,5,5,3,0,1
1506,32,2,1,0,1,2,0,1,6,0,12,3,8,7,7,1
1507,24,2,3,0,1,7,1,2,1,1,6,2,5,3,3,1
1508,43,1,4,1,0,6,2,1,8,0,6,3,1,0,0,1
1509,36,2,4,1,1,2,2,1,6,0,7,3,0,0,0,1
1510,40,2,1,1,0,3,2,0,3,1,9,1,6,6,0,1
1511,22,1,1,0,2,3,2,1,0,1,4,3,3,2,2,1
1512,29,1,2,1,1,7,3,2,1,0,1,3,1,0,0,1
1513,35,2,0,1,1,3,1,0,3,1,7,1,1,0,1,1
1514,27,2,1,2,1,2,3,1,1,1,1,3,1,0,0,1
1515,19,1,1,2,1,2,2,2,1,0,0,3,0,0,0,1
1516,32,0,1,0,3,6,2,2,5,1,8,2,4,1,3,1
1517,33,1,2,2,2,2,2,1,4,0,8,2,5,3,4,1
1518,41,0,1,0,0,6,0,0,6,0,5,2,1,0,0,1
1519,53,2,4,2,1,4,2,1,0,0,34,3,32,7,8,1
1520,29,1,1,1,0,8,1,2,1,0,1,3,1,1,1,1
1521,28,1,3,0,0,6,2,1,4,0,5,3,3,2,2,1
1522,28,1,5,0,2,7,1,1,4,0,6,3,4,2,0,1
1523,19,2,2,3,1,8,1,2,1,1,0,2,0,0,0,1
1524,22,1,1,3,2,7,0,1,1,0,1,2,1,0,0,1
1525,54,2,4,2,1,3,1,1,5,0,12,3,9,5,7,1
1526,40,2,1,2,1,2,1,1,3,0,12,2,5,5,0,1
1527,35,1,2,2,2,7,3,2,2,1,11,2,10,8,7,1
1528,32,2,1,0,1,2,0,1,7,0,12,3,8,7,7,1
1529,36,1,1,2,2,2,0,2,0,0,18,1,17,12,14,1
1530,20,2,3,3,2,6,2,2,1,0,1,4,1,0,0,1
1531,26,2,2,0,1,2,0,1,5,0,6,4,2,2,2,1
1532,29,1,1,2,1,6,0,2,6,1,3,4,0,0,0,1
1533,18,1,2,1,2,8,2,2,1,1,0,2,0,0,0,1
1534,51,2,3,2,2,5,2,1,3,0,10,3,9,8,7,1
1535,27,2,1,0,1,2,2,2,1,0,4,4,0,0,0,1
1536,38,1,2,1,2,2,0,1,6,1,18,2,1,0,0,1
1537,32,2,1,3,1,2,1,2,0,0,2,2,2,1,1,1
1538,37,1,1,0,1,2,3,0,4,0,18,4,17,7,5,1
1539,55,2,2,1,2,6,2,1,5,0,10,2,7,6,3,1
1540,24,2,1,0,2,6,2,2,8,0,4,3,2,2,0,1
1541,22,2,1,2,2,2,0,1,1,1,1,2,0,0,0,1
1542,29,1,5,0,1,6,1,1,5,0,6,3,4,2,0,1
1543,43,1,1,0,1,2,0,1,3,0,10,3,2,1,1,1
1544,29,2,4,0,0,6,0,1,5,0,11,2,8,7,7,1
1545,28,2,4,2,2,2,2,1,1,1,1,3,1,1,1,1
1546,19,1,2,3,2,8,2,2,1,1,1,2,1,1,1,1
1547,24,2,1,2,1,8,1,0,1,1,1,2,1,0,0,1
1548,34,2,2,1,1,6,0,2,2,0,8,2,4,2,3,1
1549,49,1,4,1,2,7,2,1,2,1,18,3,5,4,4,1
1550,30,1,0,1,1,1,3,0,6,0,6,1,2,2,2,1
1551,33,2,3,0,1,6,0,2,2,0,7,1,3,2,2,1
1552,40,2,1,0,0,2,1,0,3,1,10,1,5,5,1,1
1553,19,0,3,0,1,6,1,2,1,1,1,2,1,1,0,1
1554,29,2,1,1,1,7,0,1,1,0,10,3,10,8,7,1
1555,28,2,1,0,0,6,0,2,6,0,10,3,7,7,7,1
1556,30,1,4,2,1,6,3,2,8,0,3,3,1,0,0,1
1557,28,2,3,1,1,6,2,1,6,0,5,3,2,2,1,1
1558,35,1,2,2,2,7,3,2,1,1,11,2,10,7,7,1
1559,24,1,1,0,1,7,1,2,8,0,4,3,2,2,0,1
1560,31,0,2,1,0,6,0,1,0,1,4,0,2,2,2,1
1561,29,2,1,0,1,6,2,0,4,1,6,2,4,2,1,1
1562,50,1,2,0,0,4,2,1,2,0,18,2,4,2,3,1
1563,41,0,1,0,1,6,0,0,6,0,5,2,1,0,0,1
1564,20,2,2,1,1,8,1,2,1,0,1,3,1,0,0,1
1565,32,1,3,2,2,5,2,2,1,0,10,2,10,8,7,1
1566,34,1,4,2,2,6,0,2,0,1,9,2,8,7,7,1
1567,27,1,2,1,2,8,0,0,0,0,5,3,3,2,2,1
1568,46,2,1,2,2,6,1,1,4,0,13,2,8,7,7,1
1569,26,1,2,1,0,6,1,1,2,1,8,2,7,7,7,1
1570,31,2,2,0,2,7,1,0,2,0,9,2,1,0,0,1
1571,33,2,3,1,1,3,1,1,7,0,15,2,7,6,6,1
1572,51,1,1,0,0,4,2,1,4,0,18,2,5,1,4,1
1573,41,2,4,1,1,3,1,1,3,0,23,0,21,12,7,1
1574,40,1,4,2,1,4,2,1,7,1,6,3,0,0,0,1
1575,19,1,1,0,1,2,2,2,1,0,1,2,1,1,1,1
1576,18,0,2,1,1,2,2,2,1,0,0,0,0,0,0,1
1577,30,2,1,0,2,6,1,1,4,0,6,2,4,2,1,1
1578,23,2,2,1,2,5,2,1,1,1,5,2,2,0,0,1
1579,32,2,3,1,2,2,1,1,5,0,8,2,5,4,4,1
1580,31,1,1,0,0,6,1,2,1,0,1,3,1,0,0,1
1581,50,2,2,0,1,5,1,2,4,1,24,2,21,8,9,1
1582,46,2,1,1,2,6,1,1,5,0,14,2,8,6,7,1
1583,21,1,4,0,1,8,1,2,1,0,2,3,2,1,1,1
1584,39,1,3,2,2,2,0,0,6,1,7,2,2,2,2,1
1585,52,2,4,3,2,1,1,1,6,0,13,3,9,8,7,1
1586,45,1,1,1,2,6,2,2,2,1,7,2,5,4,2,1
1587,48,2,1,0,2,6,1,1,7,0,16,2,9,3,7,1
1588,38,2,2,1,2,3,0,1,3,0,8,2,4,2,3,1
1589,51,1,1,0,1,5,2,1,8,0,18,2,9,0,6,1
1590,28,1,5,0,2,7,1,1,3,0,5,3,3,2,1,1
1591,30,2,4,0,1,6,0,1,6,0,11,2,9,7,5,1
1592,28,2,2,0,0,6,2,1,4,1,5,3,3,2,1,1
1593,39,2,1,2,2,1,0,1,4,0,15,2,3,2,0,1
1594,32,2,1,0,2,7,0,1,2,0,10,2,1,0,0,1
1595,25,1,1,0,2,4,0,1,5,0,6,3,2,2,2,1
1596,31,2,3,2,1,6,0,2,6,1,7,3,3,2,2,1
1597,27,1,3,1,1,6,1,2,6,0,5,3,2,2,1,1
1598,30,1,1,1,0,8,2,2,1,0,1,3,1,0,0,1
1599,40,2,1,1,0,2,2,0,3,1,9,1,6,6,0,1
1600,39,0,1,0,1,2,0,1,2,0,10,2,1,0,0,1
1601,33,1,4,3,2,6,3,2,1,1,10,2,10,9,7,1
1602,49,1,3,2,2,7,1,1,2,0,5,4,0,0,0,1
1603,35,1,3,2,2,7,3,2,2,1,12,2,10,8,7,1
1604,37,1,2,0,0,0,0,1,4,0,14,2,1,0,0,1
1605,50,1,1,2,0,6,0,0,3,0,19,2,3,2,0,1
1606,36,2,2,1,1,4,0,0,5,1,16,2,1,1,1,1
1607,34,2,2,0,1,7,1,1,0,1,16,3,15,8,9,1
1608,28,0,4,1,1,0,0,2,0,0,9,1,9,7,8,1
1609,44,0,1,0,1,6,0,0,2,0,5,3,1,0,0,1
1610,31,2,2,3,2,3,2,1,1,0,10,3,10,2,4,1
1611,36,2,1,1,1,7,2,1,2,0,16,4,15,4,7,1
1612,48,2,1,0,1,2,1,1,8,1,22,2,1,0,0,1
1613,37,2,3,2,1,7,1,0,3,0,17,4,1,0,0,1
1614,43,1,3,1,0,6,2,1,8,0,6,3,2,1,1,1
1615,28,1,2,0,1,2,0,0,1,0,1,1,1,0,0,1
1616,31,1,1,0,1,6,2,1,1,1,9,3,9,7,7,1
1617,21,1,1,1,1,6,2,1,0,0,1,4,0,0,0,1
1618,21,1,2,2,1,2,0,1,1,1,1,5,1,0,0,1
1619,28,2,3,0,1,6,3,1,8,1,4,3,2,2,2,1
1620,53,2,3,2,1,6,1,1,2,0,11,3,8,3,5,1
1621,31,1,2,0,0,2,0,1,1,1,7,3,7,7,6,1
1622,33,1,1,0,0,2,1,1,1,1,8,3,8,7,6,1
1623,19,2,3,3,1,6,0,2,1,1,1,2,1,0,0,1
1624,39,2,1,1,1,7,1,2,7,0,8,1,5,3,4,1
1625,33,1,1,2,0,8,2,0,0,0,2,3,1,1,0,1
1626,34,1,4,2,0,3,0,0,1,1,5,2,4,2,1,1
1627,30,1,1,2,1,7,2,2,6,0,3,3,1,0,0,1
1628,44,1,2,0,2,0,2,1,1,0,10,2,10,7,5,1
1629,32,1,2,0,0,1,3,0,6,0,7,1,4,2,2,1
1630,24,1,3,0,2,2,0,1,1,0,3,1,0,0,0,1
1631,32,2,3,0,1,2,0,1,7,0,9,2,4,3,3,1
1632,20,2,3,3,2,6,2,2,1,0,1,3,1,0,0,1
1633,31,1,1,0,1,6,0,1,1,0,10,3,10,8,7,1
1634,40,2,1,1,0,2,2,0,3,1,9,1,6,6,0,1
1635,20,2,2,1,1,7,0,2,1,0,1,2,1,0,0,1
1636,24,1,1,2,0,8,1,1,1,0,1,3,1,0,0,1
1637,25,2,1,0,1,7,0,1,2,0,6,1,3,2,2,1
1638,49,1,3,0,1,4,1,1,3,0,18,3,4,3,3,1
1639,33,2,2,2,1,2,1,0,0,1,4,2,3,2,2,1
1640,42,1,2,1,2,6,1,0,1,1,5,3,4,3,2,1
1641,29,1,4,1,2,8,0,2,1,0,1,3,1,0,0,1
1642,34,2,1,0,1,2,0,0,1,1,1,1,1,0,0,1
1643,30,1,1,2,1,7,2,2,6,0,3,3,1,0,0,1
1644,34,1,1,1,2,7,3,1,1,1,10,2,10,7,7,1
1645,32,1,2,2,1,7,1,1,7,0,6,2,2,2,2,1
1646,32,2,1,0,2,7,0,1,2,0,10,2,0,0,0,1
1647,34,2,4,3,2,6,0,2,0,1,9,2,8,7,7,1
1648,36,2,3,2,1,2,1,0,2,0,5,2,4,2,2,1
1649,43,2,1,2,1,6,1,2,1,1,6,3,5,4,1,1
1650,20,2,3,3,1,6,1,2,1,0,1,2,1,0,0,1
1651,25,1,1,2,0,8,1,1,1,1,1,2,1,0,0,1
1652,27,1,3,1,1,6,1,2,6,0,5,3,2,2,1,1
1653,23,2,3,3,1,2,2,1,1,1,5,2,5,4,2,1
1654,37,2,3,0,1,0,0,1,6,0,16,2,1,0,0,1
1655,33,1,2,0,2,7,0,1,0,1,5,2,4,2,2,1
1656,33,2,3,0,0,2,3,0,6,0,7,2,3,2,2,1
1657,22,1,1,3,2,7,0,1,1,0,1,2,1,0,0,1
1658,23,2,1,2,2,2,0,1,1,0,1,4,1,0,0,1
1659,32,2,2,1,1,1,2,1,0,0,3,1,2,2,2,1
1660,35,2,2,2,1,5,1,0,0,1,1,0,1,0,0,1
1661,20,1,2,1,1,8,0,2,0,0,1,3,0,0,0,1
1662,33,1,0,0,2,1,0,0,8,0,10,2,3,2,2,1
1663,24,2,1,0,1,7,1,1,2,0,6,2,2,1,1,1
1664,28,1,5,0,1,7,1,1,3,0,5,2,2,2,1,1
1665,42,0,1,2,2,4,1,0,3,1,20,0,1,0,0,1
1666,31,1,0,1,2,1,2,0,6,1,7,2,2,2,2,1
1667,34,0,2,3,1,6,1,1,0,1,5,0,4,2,1,1
1668,27,2,1,2,2,6,2,2,0,0,7,1,7,2,6,1
1669,37,1,3,0,2,1,0,0,6,0,17,3,1,0,0,1
1670,28,1,2,0,1,2,1,0,1,0,1,2,1,0,0,1
1671,58,2,2,3,2,1,2,1,2,0,40,2,37,11,6,1
1672,44,1,1,2,1,2,1,0,3,0,19,0,1,0,0,1
1673,21,2,1,2,2,6,1,2,1,0,1,2,1,0,0,1
1674,38,2,4,2,1,7,2,0,3,0,18,5,1,0,0,1
1675,21,2,1,2,1,2,0,1,1,0,1,5,1,0,0,1
1676,33,2,2,0,1,6,0,2,4,0,5,0,2,2,2,1
1677,33,2,2,0,2,6,0,2,0,0,6,2,4,2,3,1
1678,22,2,1,1,2,6,2,0,0,1,3,2,3,2,2,1
1679,30,1,3,1,1,2,1,2,0,0,4,2,3,2,2,1
1680,30,2,2,2,2,4,2,1,1,0,10,3,10,2,7,1
1681,29,1,4,1,2,6,3,1,9,1,3,3,1,0,0,1
1682,21,2,3,2,2,6,2,2,1,0,1,3,1,0,0,1
1683,54,2,4,2,1,3,1,1,5,0,12,3,9,6,7,1
1684,33,2,3,0,1,6,0,2,3,0,5,0,2,2,2,1
1685,33,1,3,1,1,6,2,2,1,0,13,3,12,7,7,1
1686,24,1,1,1,1,1,2,0,0,1,6,2,6,5,0,1
1687,29,1,1,1,0,8,0,1,1,0,1,2,1,0,0,1
1688,18,2,1,1,1,1,2,2,1,0,0,2,0,0,0,1
1689,21,1,1,0,1,3,2,1,0,0,3,2,2,2,2,1
1690,24,1,2,0,1,2,0,2,1,0,2,2,0,0,0,1
1691,21,2,1,1,2,8,1,2,1,0,1,1,1,0,0,1
1692,29,2,1,0,0,6,1,1,5,1,10,3,7,7,7,1
1693,29,2,5,0,1,5,0,1,5,0,10,2,8,7,7,1
1694,32,1,1,0,2,6,0,2,4,0,6,2,3,1,2,1
1695,52,2,1,0,0,3,2,1,1,0,33,2,31,14,8,1
1696,37,2,0,1,2,1,0,0,3,1,7,3,3,2,2,1
1697,30,1,1,1,0,7,2,2,1,0,1,3,1,0,0,1
1698,22,1,1,2,1,6,2,1,0,1,1,4,0,0,0,1
1699,41,0,1,0,1,6,0,0,6,0,5,2,1,0,0,1
1700,54,2,3,2,1,6,2,1,3,0,11,3,8,5,3,1
1701,44,1,1,0,2,3,0,1,4,0,9,3,3,2,2,1
1702,26,1,4,1,0,2,2,1,1,0,1,2,1,0,0,1
1703,40,1,3,2,2,6,2,0,5,1,9,2,1,1,1,1
1704,21,2,1,1,2,7,1,2,1,0,1,2,1,0,0,1
1705,40,2,2,2,2,2,0,1,6,0,8,2,2,2,2,1
1706,39,2,2,3,1,7,1,1,2,1,9,2,4,3,0,1
1707,42,1,2,1,2,7,1,1,1,1,4,3,4,3,2,1
1708,24,1,3,1,2,3,1,1,2,1,4,2,0,0,0,1
1709,19,1,1,2,1,1,3,2,1,0,1,4,1,0,0,1
1710,28,0,5,1,1,0,0,1,1,0,10,2,9,7,8,1
1711,33,1,0,1,2,1,0,0,8,1,10,2,2,2,2,1
1712,29,1,5,2,2,6,0,2,5,0,7,4,5,2,3,1
1713,25,2,1,0,0,2,1,1,1,0,1,2,1,0,0,1
1714,26,2,0,2,1,1,2,1,1,0,1,3,1,0,0,1
1715,39,1,1,0,1,0,2,0,7,0,21,3,18,6,5,1
1716,32,1,1,0,2,6,0,2,4,0,6,2,3,1,2,1
1717,19,1,3,1,0,8,0,2,0,0,1,4,0,0,0,1
1718,32,2,1,2,1,2,1,1,0,1,4,2,3,2,2,1
1719,27,1,0,1,1,1,2,1,1,0,1,3,1,0,0,1
1720,25,2,2,2,1,7,2,2,1,1,6,0,6,5,3,1
1721,31,0,2,2,1,6,0,2,0,1,3,0,3,2,2,1
1722,57,2,3,2,2,6,1,1,5,0,7,3,2,1,0,1
1723,43,1,1,0,0,7,2,2,7,0,7,2,4,3,3,1
1724,29,2,0,0,1,1,0,0,1,1,1,1,1,0,0,1
1725,25,1,3,0,2,2,0,0,2,1,4,2,2,1,1,1
1726,28,1,3,0,1,8,2,0,4,0,5,3,3,2,2,1
1727,45,2,3,1,1,4,3,1,1,0,9,2,9,7,6,1
1728,26,1,1,0,1,6,0,1,5,1,5,2,3,2,2,1
1729,31,1,1,0,0,6,1,2,1,0,1,3,1,0,0,1
1730,58,1,2,3,1,3,2,0,7,0,4,3,1,0,0,1
1731,22,2,2,2,1,2,2,1,0,1,4,2,4,3,2,1
1732,46,2,3,2,1,6,2,1,1,0,9,3,8,7,7,1
1733,24,1,2,2,1,8,0,1,1,0,1,2,1,0,0,1
1734,30,1,3,2,2,2,1,1,1,0,1,4,1,1,1,1
1735,41,1,1,1,2,6,0,1,0,0,22,1,21,10,12,1
1736,35,1,1,3,2,5,0,0,1,0,10,3,10,2,8,1
1737,31,1,1,0,2,2,2,1,6,0,7,2,2,2,2,1
1738,32,2,3,1,2,6,0,0,2,0,8,2,3,1,2,1
1739,29,2,1,1,1,7,2,1,1,0,10,3,10,4,9,1
1740,21,1,1,0,1,3,2,1,0,0,3,2,2,2,2,1
1741,42,1,2,0,1,0,1,0,8,0,22,2,19,6,5,1
1742,42,0,1,0,1,6,0,0,4,0,5,2,1,0,0,1
1743,29,2,1,1,1,7,2,1,1,0,10,3,10,4,9,1
1744,25,1,1,0,1,6,0,1,5,0,6,2,3,2,2,1
1745,28,2,1,1,2,6,2,1,1,0,9,2,9,3,8,1
1746,31,0,4,2,2,6,1,1,7,0,6,2,3,2,1,1
1747,26,2,5,2,0,2,2,2,1,1,1,3,1,0,0,1
1748,33,2,2,3,1,7,2,1,0,1,1,1,1,0,0,1
1749,28,1,5,0,2,7,1,1,4,0,6,3,4,2,0,1
1750,25,2,1,0,1,8,0,0,2,0,5,2,3,2,2,1
1751,22,2,1,1,1,3,2,1,0,1,4,2,3,2,2,1
1752,42,1,2,1,2,4,1,0,5,0,8,2,2,2,2,1
1753,21,1,2,2,1,6,3,1,0,0,1,4,0,0,0,1
1754,34,2,1,0,1,7,0,2,5,0,7,3,3,2,2,1
1755,28,2,3,0,0,6,2,1,5,0,5,3,2,2,1,1
1756,49,1,1,0,1,2,0,1,3,0,19,2,4,3,3,1
1757,29,1,2,2,1,6,2,2,1,1,3,2,3,2,1,1
1758,30,1,2,0,1,6,0,2,1,0,1,3,1,0,0,1
1759,43,2,3,1,1,1,0,1,7,0,23,0,20,7,6,1
1760,23,2,1,2,2,2,0,1,1,0,1,2,0,0,0,1
1761,50,1,1,0,0,3,2,2,2,0,18,2,4,2,3,1
1762,29,1,3,2,2,2,2,1,1,0,2,4,2,2,2,1
1763,28,2,3,0,2,6,2,1,7,0,4,3,2,2,1,1
1764,45,2,3,2,2,0,1,1,3,0,12,2,9,7,6,1
1765,18,0,2,2,2,2,2,2,1,0,0,0,0,0,0,1
1766,33,2,1,0,2,2,1,1,1,1,1,2,1,0,0,1
1767,21,1,5,0,1,8,1,2,1,1,3,3,3,2,2,1
1768,25,2,4,3,1,3,3,1,1,1,7,2,7,7,5,1
1769,29,1,4,2,1,6,1,1,5,0,6,2,2,2,1,1
1770,38,2,2,2,1,6,2,1,3,1,11,2,1,0,0,1
1771,29,1,2,2,1,6,1,2,7,1,3,4,0,0,0,1
1772,33,2,4,3,2,6,1,2,0,1,9,2,9,8,7,1
1773,29,2,1,2,1,7,0,1,1,0,10,3,10,6,9,1
1774,26,2,1,3,1,6,2,2,1,1,8,1,8,3,6,1
1775,21,1,2,0,1,8,1,2,1,0,1,3,1,0,0,1
1776,41,2,4,1,1,4,1,1,2,0,23,0,21,13,7,1
1777,32,1,1,0,2,6,0,2,4,0,6,2,3,1,2,1
1778,46,1,2,2,2,0,1,1,3,0,12,2,9,7,7,1
1779,20,2,4,3,1,6,2,2,1,0,1,3,1,0,0,1
1780,29,2,1,1,1,7,2,1,1,0,10,3,10,4,9,1
1781,29,2,2,3,2,4,2,1,1,1,9,2,9,2,7,1
1782,24,1,1,2,0,8,2,1,1,0,1,3,1,0,0,1
1783,25,1,3,0,2,2,0,0,2,1,4,2,1,1,1,1
1784,20,1,2,3,2,7,2,2,1,1,1,3,1,1,1,1
1785,27,2,3,1,1,7,1,0,6,0,5,2,3,2,2,1
1786,31,2,2,0,2,7,0,0,1,0,8,2,3,1,2,1
1787,25,2,3,0,2,2,0,0,2,0,5,2,2,2,2,1
1788,29,2,3,1,1,7,1,0,5,0,5,2,2,2,1,1
1789,27,1,2,1,2,6,1,1,6,0,5,2,2,2,1,1
1790,40,2,1,2,1,6,2,1,1,1,7,5,6,4,0,1
1791,32,2,2,0,1,7,0,2,5,0,6,3,2,2,2,1
1792,26,1,0,0,0,1,1,1,1,0,1,2,1,0,0,1
1793,23,1,3,1,1,2,0,2,2,0,4,2,0,0,0,1
1794,20,1,2,2,1,6,2,1,0,1,1,5,0,0,0,1
1795,28,1,4,1,0,1,0,1,1,0,7,3,7,7,7,1
1796,38,2,2,2,2,1,0,0,6,1,7,2,2,2,2,1
1797,32,1,1,0,2,6,0,2,4,0,6,2,3,1,2,1
1798,28,1,3,2,2,6,2,2,6,0,4,3,1,1,0,1
1799,31,1,1,0,2,6,1,1,2,0,8,2,3,1,2,1
1800,28,2,3,1,1,7,2,0,6,0,5,3,2,2,1,1
1801,29,1,1,2,1,6,3,2,1,0,1,3,1,0,0,1
1802,28,1,1,0,1,2,0,0,1,0,1,1,1,0,0,1
1803,24,2,1,2,1,8,1,0,1,1,1,2,1,0,0,1
1804,30,1,3,1,2,2,1,1,0,0,3,3,2,2,2,1
1805,52,2,1,0,1,7,0,1,5,1,16,2,2,2,1,1
1806,33,1,2,3,0,8,2,0,0,0,2,2,1,1,0,1
1807,40,2,1,1,0,5,2,0,2,1,8,4,6,4,0,1
1808,20,2,1,2,2,8,1,2,1,0,0,0,0,0,0,1
1809,26,1,0,0,0,1,1,1,1,0,1,2,1,0,0,1
1810,33,1,3,0,1,6,2,2,1,0,13,3,12,7,7,1
1811,30,1,1,2,2,6,2,1,1,0,7,2,7,2,7,1
1812,22,1,1,2,0,6,3,1,0,1,1,4,0,0,0,1
1813,26,2,3,1,2,1,1,0,0,1,5,2,4,1,3,1
1814,33,2,3,0,2,1,2,1,1,0,1,0,1,1,1,1
1815,24,1,2,2,1,8,0,1,1,0,1,2,1,0,0,1
1816,26,1,2,1,0,6,1,1,2,1,8,2,7,7,7,1
1817,19,1,1,0,1,2,2,2,1,0,1,2,1,0,0,1
1818,29,1,1,2,1,6,0,2,6,1,3,4,0,0,0,1
1819,29,1,3,1,2,2,1,2,0,0,3,3,2,2,2,1
1820,31,1,1,1,2,4,1,1,1,0,10,2,10,7,7,1
1821,31,0,1,2,1,7,0,2,0,1,3,1,3,2,2,1
1822,21,2,1,1,2,8,1,2,1,0,1,0,1,0,0,1
1823,42,1,3,2,2,6,0,0,0,0,6,2,5,2,3,1
1824,29,2,4,1,0,2,0,0,1,1,7,3,7,7,7,1
1825,28,2,1,0,0,6,0,2,6,0,10,3,7,7,7,1
1826,31,2,1,0,1,2,2,2,1,0,1,2,1,0,0,1
1827,40,1,1,1,1,7,0,2,0,1,20,2,19,9,13,1
1828,22,1,1,0,2,3,2,1,0,1,4,3,4,2,2,1
1829,20,1,1,0,1,2,2,2,1,0,1,2,1,1,1,1
1830,46,1,2,1,2,7,0,1,2,0,5,4,0,0,0,1
1831,32,0,3,2,2,7,1,1,7,0,6,2,3,2,2,1
1832,31,1,1,2,1,2,2,1,0,0,3,3,2,2,2,1
1833,28,1,0,0,1,1,0,1,1,0,1,1,1,0,0,1
1834,34,2,2,1,1,4,0,1,8,0,14,3,11,9,2,1
1835,41,1,3,1,2,5,1,1,0,0,22,0,21,13,9,1
1836,50,1,3,2,1,7,0,0,3,1,19,3,3,2,1,1
1837,35,1,1,3,2,5,0,0,1,0,10,3,10,2,8,1
1838,51,1,1,0,1,5,0,2,5,0,16,2,2,2,2,1
1839,31,1,2,0,2,6,0,0,2,0,8,2,3,1,2,1
1840,29,1,5,0,1,6,1,1,5,0,6,3,4,2,0,1
1841,49,1,1,0,1,3,0,1,3,0,19,2,4,3,3,1
1842,21,2,1,2,2,6,1,2,1,0,1,2,1,0,0,1
1843,52,2,3,2,1,5,1,1,2,0,11,3,8,2,7,1
1844,19,1,3,2,1,6,0,2,1,1,1,2,1,0,0,1
1845,26,2,2,0,1,2,2,0,1,0,1,0,1,0,0,1
1846,41,2,1,0,0,1,3,0,3,0,10,1,7,7,0,1
1847,36,1,4,2,2,7,0,2,0,0,8,2,8,7,7,1
1848,51,1,1,1,2,7,1,1,8,0,10,2,7,5,4,1
1849,28,2,4,1,0,2,3,0,5,0,5,2,3,1,2,1
1850,30,1,1,1,0,8,1,2,1,0,1,3,1,0,0,1
1851,20,2,2,1,1,7,0,2,1,0,1,2,1,0,0,1
1852,19,1,2,1,2,8,1,2,1,0,0,3,0,0,0,1
1853,28,2,4,2,1,2,2,0,5,0,5,2,3,1,2,1
1854,45,1,1,0,2,7,2,2,5,0,7,2,4,3,3,1
1855,37,1,2,2,2,6,0,1,0,0,5,1,4,2,2,1
1856,27,2,2,1,1,8,0,0,0,0,4,3,3,2,2,1
1857,51,1,2,1,1,6,1,0,3,0,11,3,7,2,4,1
1858,32,1,3,2,1,2,1,1,0,0,5,2,4,3,3,1
1859,21,1,2,3,1,6,0,1,1,0,1,2,1,0,0,1
1860,28,1,4,0,1,7,2,1,3,0,5,3,3,2,2,1
1861,20,2,2,1,2,8,1,2,1,0,0,2,0,0,0,1
1862,41,1,3,2,2,6,2,0,5,1,7,2,1,1,1,1
1863,26,0,3,0,0,6,0,1,7,0,6,5,2,2,2,1
1864,34,2,4,3,2,6,0,2,0,1,9,2,8,7,7,1
1865,18,2,2,1,1,1,2,2,1,0,0,2,0,0,0,1
1866,54,2,4,2,1,2,3,1,0,0,36,3,35,8,7,1
1867,46,2,1,1,1,6,2,1,1,1,4,3,4,3,2,1
1868,37,1,0,1,1,1,0,0,3,1,7,2,2,1,1,1
1869,28,2,1,1,1,2,2,1,1,1,1,3,1,0,0,1
1870,20,2,2,1,2,8,1,2,1,0,0,2,0,0,0,1
1871,29,1,4,1,2,1,2,0,1,1,9,1,7,7,7,1
1872,57,2,2,1,1,4,0,1,6,1,30,0,10,8,8,1
1873,25,2,1,0,1,7,0,1,2,0,6,1,4,2,2,1
1874,32,2,3,0,0,2,2,0,7,0,8,2,4,3,3,1
1875,30,2,2,3,2,4,2,1,1,1,9,2,9,2,7,1
1876,50,1,1,0,1,2,0,1,3,0,20,2,4,2,3,1
1877,21,1,1,1,1,7,1,1,0,0,1,3,0,0,0,1
1878,27,1,0,0,1,1,1,1,1,0,4,4,0,0,0,1
1879,28,1,3,0,0,6,2,1,4,0,5,3,3,2,2,1
1880,29,2,1,1,1,7,1,1,1,0,10,3,10,5,9,1
1881,53,2,2,2,1,2,0,1,5,1,23,2,4,1,3,1
1882,22,2,1,1,1,3,2,1,0,1,4,2,3,2,2,1
1883,42,1,3,2,2,6,2,0,7,1,6,2,1,1,1,1
1884,19,0,3,0,1,4,0,2,1,0,1,2,1,0,0,1
1885,31,2,1,0,1,3,2,2,1,0,1,2,1,0,0,1
1886,27,1,2,1,2,6,1,1,6,0,5,2,2,2,1,1
1887,29,2,1,1,1,7,2,1,1,0,10,3,10,4,9,1
1888,22,2,1,2,2,2,0,1,1,1,1,2,0,0,0,1
1889,28,2,4,2,2,2,1,1,1,1,1,3,1,1,1,1
1890,44,1,2,1,2,6,0,0,1,0,5,2,3,2,1,1
1891,35,2,4,2,2,7,0,2,0,1,9,2,8,7,7,1
1892,41,2,1,0,2,2,0,1,3,0,10,3,3,2,2,1
1893,28,1,3,1,1,2,1,0,1,0,1,2,1,0,0,1
1894,29,1,1,1,0,8,0,1,1,0,1,2,1,1,1,1
1895,23,1,1,1,1,2,2,1,1,1,5,3,5,3,2,1
1896,35,1,3,0,2,1,1,0,7,0,9,2,1,0,0,1
1897,23,1,2,1,1,2,2,1,1,1,5,2,5,3,2,1
1898,25,1,4,2,1,3,2,1,1,1,7,2,7,7,6,1
1899,34,1,2,3,0,7,2,0,0,0,2,2,1,1,0,1
1900,52,2,2,3,1,5,0,0,4,1,21,2,3,2,1,1
1901,26,2,3,2,2,1,1,0,0,1,5,2,4,1,3,1
1902,43,1,2,2,1,6,1,0,1,1,6,2,5,3,2,1
1903,33,1,3,0,1,6,1,2,0,0,15,2,14,8,9,1
1904,45,2,3,2,2,0,1,1,3,0,12,2,9,7,6,1
1905,27,1,3,2,1,1,1,1,0,0,6,2,5,1,4,1
1906,51,1,1,1,2,7,2,0,6,0,12,3,6,3,1,1
1907,22,2,1,2,2,2,0,1,1,1,1,3,0,0,0,1
1908,32,1,2,0,2,7,0,1,5,0,6,2,3,2,2,1
1909,49,2,2,2,1,6,2,1,1,0,9,3,8,7,7,1
1910,46,2,3,2,1,1,1,1,3,0,12,2,9,7,7,1
1911,29,2,2,1,2,6,2,1,1,0,10,3,10,3,8,1
1912,18,1,1,2,2,2,2,2,1,0,0,1,0,0,0,1
1913,31,2,3,0,1,4,1,1,6,0,13,2,7,6,7,1
1914,28,2,3,0,1,6,3,1,7,1,4,3,2,2,2,1
1915,33,1,2,3,0,8,2,0,0,0,2,2,1,1,0,1
1916,43,1,1,1,2,6,1,2,1,0,6,4,6,4,3,1
1917,46,1,1,1,2,6,2,2,3,1,7,2,5,4,2,1
1918,52,2,1,1,2,6,1,1,8,0,10,2,8,7,7,1
1919,40,1,1,2,2,5,0,2,0,0,20,1,19,10,14,1
1920,27,1,2,0,0,6,1,1,5,1,5,3,3,2,2,1
1921,32,1,1,3,0,8,1,0,0,0,3,2,2,2,0,1
1922,22,2,2,2,2,2,0,1,1,1,1,4,0,0,0,1
1923,31,1,1,0,1,0,1,1,3,0,12,2,1,0,0,1
1924,28,2,3,0,0,6,2,1,5,0,5,3,2,2,1,1
1925,35,1,2,3,1,6,2,1,0,1,2,0,1,0,0,1
1926,28,2,1,0,0,6,1,1,6,1,10,3,7,7,7,1
1927,23,2,2,2,1,3,2,2,1,1,5,1,5,4,2,1
1928,33,1,2,0,1,4,1,2,1,0,15,3,14,8,9,1
1929,26,2,1,0,0,2,2,1,1,0,1,1,1,0,0,1
1930,35,1,2,3,1,6,2,1,0,1,3,0,2,1,1,1
1931,51,2,2,2,1,6,1,1,1,0,10,3,8,3,7,1
1932,29,2,1,0,0,6,0,1,2,0,10,4,9,7,7,1
1933,32,2,1,3,1,2,1,2,0,0,1,2,1,0,0,1
1934,35,2,3,0,1,2,2,0,7,0,8,2,1,0,0,1
1935,23,1,1,0,1,2,2,1,1,1,5,3,5,3,2,1
1936,31,1,2,2,1,7,0,2,6,0,7,3,2,2,1,1
1937,43,1,2,1,3,6,2,0,5,1,7,2,2,2,2,1
1938,31,1,1,1,0,5,0,1,1,1,10,4,10,2,7,1
1939,31,1,1,3,2,5,2,1,1,0,7,2,7,2,7,1
1940,30,1,1,1,0,8,1,2,1,0,1,3,1,0,0,1
1941,28,2,3,1,1,6,2,1,5,0,5,3,2,2,1,1
1942,42,0,1,0,1,6,0,0,4,0,5,2,1,0,0,1
1943,19,2,2,0,1,2,1,2,1,0,1,2,1,0,0,1
1944,48,1,1,0,0,2,2,2,7,0,22,2,1,0,0,1
1945,18,2,1,1,1,2,2,2,1,0,0,2,0,0,0,1
1946,34,0,2,0,2,7,3,1,7,1,8,2,4,2,3,1
1947,32,2,1,0,1,4,0,1,5,0,12,3,8,7,7,1
1948,50,1,3,2,0,5,2,1,3,0,29,3,28,6,9,1
1949,26,1,0,0,1,1,1,0,1,0,1,1,1,0,0,1
1950,32,1,1,0,1,6,0,1,1,0,10,3,10,8,7,1
1951,28,1,4,0,2,7,2,1,3,0,5,3,2,2,1,1
1952,44,1,1,1,2,6,2,2,1,1,6,3,5,4,2,1
1953,28,2,1,0,1,2,0,0,1,0,1,0,1,0,0,1
1954,24,2,3,3,1,1,1,1,0,1,5,2,5,2,3,1
1955,39,1,1,1,1,7,0,2,0,1,19,2,18,9,12,1
1956,31,1,1,1,0,5,0,1,1,1,10,4,10,2,7,1
1957,29,2,1,2,1,6,0,1,6,1,3,4,1,0,0,1
1958,29,2,5,0,1,5,0,1,5,0,10,2,8,7,7,1
1959,31,2,2,0,2,7,1,0,2,0,9,2,1,0,0,1
1960,26,1,3,2,1,6,1,1,0,0,7,2,7,6,6,1
1961,40,1,3,0,2,2,2,0,3,0,22,1,20,11,6,1
1962,33,1,1,0,0,3,1,2,1,1,9,3,9,7,6,1
1963,29,2,2,1,1,8,2,2,1,0,1,3,1,0,0,1
1964,26,2,3,2,1,6,2,2,0,0,6,1,6,3,3,1
1965,20,1,1,2,1,2,1,1,1,1,1,5,1,0,0,1
1966,29,2,2,0,1,7,2,0,5,1,5,2,3,2,1,1
1967,29,1,1,3,1,6,1,2,3,1,1,3,0,0,0,1
1968,28,2,2,0,2,6,2,1,9,0,4,3,2,2,1,1
1969,31,1,2,3,2,4,2,1,1,0,9,2,9,2,7,1
1970,33,2,2,3,1,7,2,1,0,1,1,1,1,0,0,1
1971,36,2,3,3,2,4,0,2,0,0,9,3,9,3,7,1
1972,32,1,3,2,2,5,2,2,1,0,10,2,10,8,7,1
1973,22,2,1,2,2,4,0,1,1,1,1,2,0,0,0,1
1974,34,2,4,0,2,1,1,0,1,0,1,0,1,1,1,1
1975,23,1,2,1,2,2,0,1,1,1,3,2,0,0,0,1
1976,32,1,2,3,2,4,1,0,1,1,10,3,10,2,7,1
1977,28,1,3,2,1,3,0,1,6,0,7,2,0,0,0,1
1978,29,1,1,1,1,7,0,1,1,0,1,2,1,0,0,1
1979,34,1,2,2,2,7,1,1,0,1,5,0,4,2,2,1
1980,49,1,1,1,2,6,1,1,3,0,9,2,6,3,4,1
1981,41,2,4,1,1,4,1,1,2,0,23,0,21,12,7,1
1982,48,1,1,1,0,5,2,1,5,0,27,3,25,7,9,1
1983,31,1,1,1,2,5,1,1,1,0,10,2,10,7,7,1
1984,31,1,1,0,0,6,1,1,3,1,11,3,7,7,7,1
1985,21,2,1,2,2,6,1,2,1,0,1,2,1,0,0,1
1986,29,1,0,2,1,1,3,0,5,0,6,0,4,1,2,1
1987,31,1,1,2,1,2,2,1,0,0,3,2,2,2,2,1
1988,27,2,2,1,1,8,0,0,0,0,4,3,3,2,2,1
1989,32,1,2,2,1,7,1,1,7,0,6,2,2,2,2,1
1990,18,0,3,1,1,1,2,2,1,0,0,0,0,0,0,1
1991,21,1,5,0,1,8,1,2,1,1,3,3,3,2,2,1
1992,33,2,2,0,2,6,0,2,0,0,6,2,4,2,3,1
1993,33,2,2,2,1,2,1,0,0,1,4,2,3,2,2,1
1994,33,0,1,0,3,6,2,2,7,1,8,2,4,1,3,1
1995,21,1,1,1,1,7,1,1,0,0,1,3,0,0,0,1
1996,36,2,1,0,1,7,2,1,3,0,16,3,14,3,7,1
1997,29,1,1,2,1,6,2,2,1,0,1,3,1,0,0,1
1998,18,2,1,1,1,2,2,2,1,0,0,2,0,0,0,1
1999,35,1,1,1,1,7,0,2,7,0,9,3,5,2,3,1
2000,35,2,3,0,0,5,2,0,6,1,7,2,1,1,1,1
2001,35,2,2,2,2,7,1,2,0,1,9,2,9,7,7,1
2002,25,1,5,0,2,8,1,1,1,0,5,3,4,2,3,1
2003,29,1,3,2,2,0,2,2,0,0,9,1,8,7,7,1
2004,30,1,1,0,1,6,1,1,4,0,7,2,5,2,1,1
2005,58,1,2,3,1,3,2,0,7,0,4,3,1,0,0,1
2006,48,2,2,2,2,6,2,1,1,0,9,2,9,7,7,1
2007,31,1,1,2,1,6,1,2,1,0,7,2,7,2,7,1
2008,50,1,1,1,2,7,1,0,7,0,11,2,6,3,1,1
2009,32,1,1,1,1,2,2,1,1,0,9,3,9,5,2,1
2010,41,2,1,0,1,7,2,2,8,0,7,0,5,3,4,1
2011,25,2,3,0,2,8,0,1,0,0,5,3,4,3,3,1
2012,38,2,3,2,2,2,0,1,6,0,7,2,2,2,2,1
2013,28,1,1,1,1,2,2,1,5,1,6,3,3,2,2,1
2014,29,2,2,1,0,6,2,1,1,1,4,2,3,2,1,1
2015,29,1,4,1,2,1,2,0,2,1,9,1,7,7,7,1
2016,19,2,5,0,1,1,0,2,1,0,1,2,1,0,0,1
2017,24,1,1,2,0,7,2,2,1,1,1,3,1,0,0,1
2018,31,1,1,1,2,3,1,2,1,0,9,2,9,7,6,1
2019,32,1,1,0,2,6,0,2,2,1,10,2,1,0,0,1
2020,53,2,1,1,2,7,1,2,6,0,10,2,8,7,5,1
2021,32,1,1,0,2,6,1,2,2,1,7,2,4,1,3,1
2022,49,1,4,2,1,6,2,1,3,1,5,4,0,0,0,1
2023,31,1,1,0,0,6,0,1,1,1,10,4,10,2,7,1
2024,21,2,1,2,1,2,0,1,1,0,1,5,0,0,0,1
2025,33,2,1,1,2,2,0,1,1,0,1,2,1,0,0,1
2026,28,2,3,0,0,6,2,0,5,1,5,3,3,2,2,1
2027,32,2,1,0,1,2,0,1,7,0,12,3,8,7,7,1
2028,29,1,2,2,1,6,2,2,1,1,3,2,3,2,1,1
2029,34,1,2,3,0,7,2,0,0,0,3,1,2,2,0,1
2030,28,2,1,1,0,2,2,1,5,1,5,4,3,2,2,1
2031,25,1,4,2,1,2,2,1,1,1,7,2,7,7,6,1
2032,25,1,2,2,2,1,1,1,0,1,6,3,5,1,3,1
2033,48,1,1,0,1,2,0,1,3,0,20,1,4,3,3,1
2034,26,1,2,2,1,6,2,2,0,0,7,0,7,6,4,1
2035,28,1,2,0,1,2,1,0,1,0,1,2,1,0,0,1
2036,37,2,2,1,1,2,0,0,6,1,16,2,1,0,0,1
2037,28,2,2,1,2,2,1,1,1,0,1,3,0,0,0,1
2038,18,1,2,2,2,8,2,2,1,1,0,2,0,0,0,1
2039,26,2,2,0,1,2,2,0,1,0,1,0,1,0,0,1
2040,31,2,2,0,2,7,0,0,3,0,7,2,3,1,2,1
2041,50,1,1,1,1,6,1,0,5,0,11,3,6,2,3,1
2042,33,2,2,0,1,6,0,2,4,0,5,2,2,2,2,1
2043,34,2,2,0,1,6,0,2,0,0,16,1,15,9,10,1
2044,19,1,2,1,2,8,1,2,1,0,0,2,0,0,0,1
2045,33,2,2,0,2,6,0,2,0,0,6,2,4,2,3,1
2046,19,1,1,1,1,2,2,2,1,0,0,2,0,0,0,1
2047,27,2,2,0,0,6,2,1,5,0,4,3,2,2,1,1
2048,28,1,3,2,2,2,1,1,1,0,1,3,1,1,0,1
2049,32,2,3,1,2,6,0,0,2,0,8,2,3,1,2,1
2050,44,1,1,1,0,4,2,0,7,0,23,3,21,5,8,1
2051,22,2,1,1,1,3,2,1,0,1,4,2,3,2,2,1
2052,37,2,1,2,2,2,0,0,4,0,7,2,3,2,2,1
2053,34,1,3,1,1,7,2,2,1,1,14,2,12,9,8,1
2054,28,1,3,1,1,2,1,0,1,0,1,2,1,0,0,1
2055,42,1,1,1,1,6,0,2,0,1,22,2,21,9,13,1
2056,27,2,2,2,1,7,1,0,0,0,4,3,4,3,1,1
2057,26,2,4,2,0,2,2,1,1,1,1,3,1,0,0,1
2058,24,2,2,1,1,7,1,2,1,1,6,1,5,3,3,1
2059,53,2,2,3,1,4,0,0,4,1,22,2,4,2,2,1
2060,25,1,1,2,0,8,1,1,1,1,1,2,1,0,0,1
2061,43,1,2,2,1,6,1,0,1,1,6,2,5,3,2,1
2062,40,2,1,2,1,2,1,1,3,0,12,2,5,5,0,1
2063,26,1,2,0,1,1,1,0,1,0,1,0,1,0,0,1
2064,38,1,4,2,2,6,2,0,3,0,18,5,1,0,0,1
2065,36,2,2,1,1,7,0,0,4,1,15,3,1,1,1,1
2066,32,0,1,0,3,6,2,2,3,1,8,2,4,1,3,1
2067,29,2,1,1,1,7,1,1,1,0,10,3,10,5,9,1
2068,23,1,1,1,2,2,0,1,1,1,1,2,0,0,0,1
2069,48,2,1,0,1,3,1,1,7,1,22,2,1,0,0,1
2070,40,1,2,2,1,6,1,1,1,1,8,2,5,3,0,1
2071,35,2,4,3,2,6,0,2,0,0,9,2,8,6,7,1
2072,31,1,1,0,0,7,1,2,1,0,1,3,1,0,0,1
2073,30,1,1,2,2,6,2,2,0,0,7,1,6,2,6,1
2074,18,0,2,0,1,7,1,2,1,1,0,2,0,0,0,1
2075,30,1,2,2,2,6,2,2,0,0,7,1,6,2,6,1
2076,30,2,1,0,1,6,1,2,1,0,1,3,1,0,0,1
2077,25,1,3,0,2,2,0,0,2,1,4,2,2,1,1,1
2078,31,1,1,0,2,1,2,1,5,0,7,2,1,1,1,1
2079,39,2,1,2,2,1,0,1,3,0,15,2,4,3,0,1
2080,18,0,2,0,1,7,1,2,1,1,0,2,0,0,0,1
2081,19,1,2,1,2,8,1,2,1,0,0,3,0,0,0,1
2082,30,1,3,2,2,2,2,1,1,0,2,4,2,2,2,1
2083,32,2,1,0,0,7,0,2,5,0,10,2,0,0,0,1
2084,27,2,0,2,1,1,2,1,1,0,1,3,1,0,0,1
2085,41,2,1,2,1,6,1,2,1,1,7,2,5,4,0,1
2086,40,2,1,2,2,2,0,2,3,0,13,3,4,3,0,1
2087,48,1,3,2,2,7,2,1,2,1,18,3,8,6,6,1
2088,30,2,1,1,0,7,1,1,3,0,11,3,7,7,7,1
2089,23,1,1,2,1,8,0,1,1,0,1,3,1,0,0,1
2090,22,2,1,1,2,4,2,1,0,1,4,2,2,1,1,1
2091,30,1,3,1,1,2,1,2,0,0,5,2,4,3,3,1
2092,22,2,1,1,2,7,2,0,0,1,3,2,3,2,2,1
2093,32,1,1,3,0,8,1,0,0,0,3,2,2,2,0,1
2094,28,1,4,1,2,2,1,2,0,0,2,3,2,2,2,1
2095,30,1,3,1,1,2,1,2,0,0,4,2,3,2,2,1
2096,42,1,2,1,2,5,1,0,5,0,7,2,2,2,2,1
2097,57,2,2,1,1,4,0,1,6,1,30,0,11,8,8,1
2098,35,1,3,2,2,7,3,2,2,1,12,2,10,8,7,1
2099,28,1,1,2,2,2,2,1,1,0,1,4,1,1,0,1
2100,36,1,2,3,2,4,0,1,1,0,10,3,10,2,8,1
2101,38,2,2,2,1,7,1,0,4,1,12,3,1,0,0,1
2102,25,1,1,0,2,1,2,0,0,1,7,2,6,6,0,1
2103,38,1,1,0,1,0,2,0,6,0,20,3,17,6,5,1
2104,32,1,1,0,2,6,1,2,3,0,7,2,3,1,2,1
2105,39,1,3,2,2,6,2,0,4,1,11,2,1,0,0,1
2106,31,1,1,0,2,6,2,1,1,1,10,3,10,7,7,1
2107,49,2,1,0,2,6,1,1,7,0,16,2,9,2,7,1
2108,28,1,5,0,2,7,1,1,3,0,5,3,3,2,1,1
2109,26,1,4,2,1,6,0,1,6,0,6,2,3,2,2,1
2110,43,1,2,0,1,7,1,2,1,0,8,4,8,7,7,1
2111,31,1,1,1,2,4,0,2,1,0,10,2,10,8,7,1
2112,31,1,1,0,1,2,3,0,6,0,7,2,2,2,2,1
2113,30,1,1,1,1,8,1,1,1,0,1,2,1,0,0,1
2114,21,2,2,2,1,2,0,1,1,0,1,6,1,0,0,1
2115,31,0,3,2,2,7,2,0,7,0,5,2,3,2,2,1
2116,50,2,3,2,1,6,1,1,1,0,10,3,8,3,7,1
2117,48,1,1,1,2,5,2,1,1,0,9,2,9,7,7,1
2118,26,1,0,0,0,1,1,1,1,0,1,2,1,0,0,1
2119,50,2,2,2,1,6,2,1,1,0,9,3,8,5,7,1
2120,21,1,2,2,1,2,0,1,1,1,1,5,1,0,0,1
2121,28,2,2,2,1,6,1,2,6,0,4,3,1,1,0,1
2122,29,1,3,1,1,7,2,0,7,1,4,3,2,1,1,1
2123,34,1,2,0,0,0,1,1,4,0,13,2,1,0,0,1
2124,39,1,1,0,1,2,0,2,2,1,10,2,2,1,1,1
2125,29,1,3,1,2,2,1,2,0,0,3,3,2,2,2,1
2126,28,2,4,2,2,6,2,2,0,0,7,1,6,2,5,1
2127,40,2,1,0,2,2,0,1,3,0,10,3,3,2,2,1
2128,26,2,0,2,1,1,2,1,1,0,1,3,1,0,0,1
2129,52,1,3,3,1,5,2,1,4,1,4,3,0,0,0,1
2130,35,2,3,0,0,6,2,0,6,0,7,2,1,1,1,1
2131,22,1,1,1,2,2,0,1,1,0,1,2,0,0,0,1
2132,39,2,2,3,1,7,1,1,3,1,11,2,1,0,0,1
2133,31,2,1,0,2,2,3,1,1,1,1,2,1,0,0,1
2134,41,1,2,1,2,7,1,1,1,1,4,4,4,3,2,1
2135,29,2,1,2,1,7,0,1,1,0,10,3,10,8,9,1
2136,31,2,3,1,2,6,0,0,2,0,8,2,3,1,2,1
2137,29,2,1,1,0,7,1,1,1,0,2,2,2,2,2,1
2138,54,2,2,1,0,1,3,1,1,0,36,3,35,12,7,1
2139,28,2,1,1,0,2,2,1,5,1,5,4,3,2,2,1
2140,44,2,2,0,0,2,0,1,3,0,25,1,23,9,10,1
2141,55,2,1,1,2,6,1,1,6,0,9,2,6,5,3,1
2142,28,2,3,1,1,7,1,0,6,0,5,2,3,2,2,1
2143,31,1,1,0,2,2,2,1,6,0,7,2,2,2,2,1
2144,55,2,1,1,1,4,1,1,4,0,37,2,31,14,8,1
2145,30,1,1,2,1,7,2,2,6,0,3,3,0,0,0,1
2146,28,1,4,1,0,1,0,1,1,0,7,3,7,7,7,1
2147,32,1,1,0,2,6,1,1,1,1,10,3,10,7,7,1
2148,43,2,1,1,2,6,1,2,1,1,5,4,5,3,2,1
2149,29,1,4,2,2,6,2,2,0,0,7,1,6,2,5,1
2150,20,1,3,1,1,8,1,2,1,0,2,3,2,2,2,1
2151,48,1,1,0,1,2,0,1,3,0,19,1,3,2,2,1
2152,49,2,1,1,2,7,2,1,2,0,9,2,8,7,7,1
2153,30,1,3,2,2,2,1,1,1,0,1,4,1,1,1,1
2154,22,1,2,2,2,8,0,1,1,0,1,3,1,0,0,1
2155,28,1,4,2,2,0,3,1,0,1,8,1,7,7,6,1
2156,32,2,3,1,2,2,1,1,5,0,8,2,5,4,4,1
2157,37,2,3,0,1,0,0,1,6,0,16,2,1,0,0,1
2158,39,2,2,1,2,6,0,2,0,0,5,3,4,2,2,1
2159,29,2,0,0,1,1,0,0,2,1,2,2,1,1,0,1
2160,34,1,1,3,2,5,0,0,1,0,10,3,9,1,7,1
2161,34,1,2,0,1,6,2,1,1,0,14,4,14,7,7,1
2162,24,2,4,0,2,8,0,1,0,0,5,3,4,3,3,1
2163,52,1,1,0,2,7,0,1,5,1,15,2,2,2,2,1
2164,49,1,1,0,0,3,2,2,4,0,19,2,2,1,1,1
2165,33,0,2,2,1,6,1,1,0,1,4,0,3,2,2,1
2166,24,1,1,2,0,7,3,1,0,1,1,4,0,0,0,1
2167,25,1,4,2,1,3,2,1,1,1,7,2,7,7,6,1
2168,28,1,3,2,1,1,1,1,0,0,6,2,5,2,4,1
2169,38,2,2,2,1,4,1,1,3,0,7,2,5,2,2,1
2170,23,2,3,3,1,1,1,1,0,1,5,2,5,3,2,1
2171,38,2,3,2,2,3,0,1,4,0,7,2,4,2,3,1
2172,29,2,0,0,1,1,0,0,1,1,1,1,1,0,0,1
2173,32,1,2,0,0,2,3,0,6,0,7,2,3,2,2,1
2174,28,1,2,1,1,6,2,1,1,0,9,2,9,4,8,1
2175,46,0,1,0,1,3,1,1,1,0,9,2,9,7,8,1
2176,34,1,3,3,1,7,3,1,2,0,13,2,11,8,7,1
2177,24,2,2,0,1,6,2,1,2,0,6,2,2,0,0,1
2178,30,1,1,1,0,8,1,2,1,0,1,3,1,0,0,1
2179,33,2,1,0,1,6,0,1,2,1,10,1,0,0,0,1
2180,31,2,1,0,0,7,1,1,4,0,10,2,0,0,0,1
2181,46,2,2,2,1,7,3,1,1,0,9,3,9,8,7,1
2182,25,1,1,2,0,8,1,1,1,1,1,2,1,0,0,1
2183,46,1,1,1,0,6,1,1,6,0,25,2,23,5,10,1
2184,31,1,1,3,2,5,2,1,1,0,8,2,8,2,7,1
2185,40,2,2,1,1,7,1,1,1,1,5,5,4,3,1,1
2186,33,2,2,0,2,7,0,2,4,0,6,3,3,2,2,1
2187,27,2,2,2,1,7,0,0,0,0,4,3,4,3,1,1
2188,27,1,2,0,1,1,1,0,1,0,1,2,1,0,0,1
2189,34,0,4,3,0,6,0,1,0,1,5,1,4,2,0,1
2190,39,2,1,0,2,2,0,1,3,1,9,2,3,2,2,1
2191,48,2,3,2,1,6,2,1,1,0,9,3,8,5,7,1
2192,34,2,2,1,1,5,0,1,2,0,8,1,3,1,2,1
2193,50,1,3,3,1,6,2,1,3,1,4,3,0,0,0,1
2194,18,1,2,2,2,8,2,2,1,1,0,2,0,0,0,1
2195,49,2,2,1,2,5,1,0,4,0,26,1,6,5,3,1
2196,25,2,1,0,1,8,0,0,2,0,5,2,3,2,2,1
2197,29,2,3,0,1,7,2,0,7,1,4,3,2,2,2,1
2198,31,1,1,2,1,7,1,1,1,1,3,2,2,2,2,1
2199,33,2,2,0,0,7,2,0,6,1,7,2,2,2,2,1
2200,50,2,3,3,2,0,1,1,5,0,13,2,9,7,7,1
2201,32,2,1,0,1,7,0,2,5,0,7,2,2,1,1,1
2202,46,0,1,0,1,3,1,1,1,0,9,2,9,7,8,1
2203,29,1,4,1,2,6,3,1,9,1,3,3,1,0,0,1
2204,26,2,2,0,1,2,0,1,5,0,6,4,2,2,2,1
2205,30,1,1,1,0,7,2,2,1,0,1,3,1,0,0,1
2206,31,2,2,1,1,7,1,1,6,1,6,3,2,2,2,1
2207,32,2,3,3,0,7,2,1,3,0,14,2,13,9,5,1
2208,19,2,1,1,1,2,2,2,1,0,1,3,1,0,0,1
2209,32,1,2,0,2,7,0,1,5,0,6,2,3,2,2,1
2210,29,1,1,1,0,8,1,2,1,0,2,2,2,2,2,1
2211,36,1,1,2,2,2,0,2,0,0,18,1,17,12,14,1
2212,45,0,1,0,2,1,1,1,1,0,10,2,10,7,7,1
2213,31,1,2,1,2,6,3,1,1,1,10,3,10,7,8,1
2214,41,2,1,2,1,6,1,2,1,1,8,2,5,4,0,1
2215,36,2,1,0,1,7,2,1,4,0,16,2,14,2,7,1
2216,48,2,2,2,1,7,3,1,1,0,9,3,9,8,7,1
2217,29,1,0,2,1,1,2,0,5,0,6,1,4,2,2,1
2218,56,2,2,1,2,6,1,1,7,0,7,2,3,2,1,1
2219,39,1,3,2,2,6,0,1,0,0,6,2,5,2,3,1
2220,33,2,4,3,2,6,2,2,0,1,9,2,9,8,7,1
2221,34,2,2,0,0,7,2,0,5,0,6,2,2,2,2,1
2222,41,0,2,1,2,6,1,0,6,0,6,2,1,1,1,1
2223,29,2,1,2,1,7,0,1,1,0,10,3,10,8,9,1
2224,33,1,2,0,1,6,1,2,1,0,13,3,12,7,7,1
2225,24,1,1,0,2,1,2,0,0,1,6,3,6,3,1,1
2226,50,1,1,1,2,6,1,0,7,0,11,2,5,3,1,1
2227,33,2,1,0,2,2,1,0,1,1,1,2,1,0,0,1
2228,57,1,1,2,1,2,2,0,9,1,3,2,1,0,0,1
2229,52,2,2,1,1,1,2,1,1,0,33,2,33,10,8,1
2230,32,1,3,2,2,5,2,2,1,0,10,2,10,8,7,1
2231,29,2,2,0,1,6,0,1,2,0,10,3,9,7,7,1
2232,33,2,2,2,2,6,3,2,1,1,10,2,10,8,7,1
2233,45,1,2,1,1,7,2,2,1,0,8,3,8,7,7,1
2234,29,2,5,0,1,2,1,0,3,0,10,2,7,7,7,1
2235,33,1,3,0,1,6,2,2,1,0,13,3,12,7,7,1
2236,29,1,4,1,2,1,2,0,1,1,9,1,7,7,7,1
2237,26,2,1,3,1,6,2,2,1,1,8,1,8,2,6,1
2238,28,0,4,1,1,0,0,2,0,0,9,1,9,7,8,1
2239,40,2,2,1,1,7,1,1,1,1,7,5,5,3,0,1
2240,32,2,1,1,0,7,1,2,6,0,7,2,1,1,1,1
2241,34,2,4,0,2,1,1,0,1,0,1,0,1,1,1,1
2242,53,2,2,2,2,3,0,0,4,0,24,1,5,2,3,1
2243,48,2,2,0,1,3,0,1,7,0,24,1,19,6,6,1
2244,49,1,4,1,2,7,2,1,2,1,18,3,5,4,4,1
2245,31,2,0,3,2,1,0,1,0,0,1,3,1,0,0,1
2246,18,1,2,1,1,8,0,2,0,0,0,3,0,0,0,1
2247,43,1,1,0,2,3,0,0,4,0,8,3,2,2,2,1
2248,31,1,1,2,1,8,1,1,1,0,1,2,1,0,0,1
2249,30,2,1,0,2,6,1,0,3,0,7,2,4,1,1,1
2250,23,1,5,0,1,8,1,2,1,1,5,3,4,2,3,1
2251,18,1,1,2,1,2,2,2,1,0,0,3,0,0,0,1
2252,23,1,2,2,1,2,2,1,1,1,5,2,5,3,2,1
2253,29,2,1,0,0,7,1,2,1,0,1,3,1,1,1,1
2254,19,1,2,3,2,8,2,2,1,1,1,2,1,1,1,1
2255,23,1,2,1,1,2,2,1,1,1,5,2,5,3,2,1
2256,33,2,1,0,2,2,1,1,1,1,1,2,1,0,0,1
2257,39,2,1,0,2,2,0,1,3,0,9,2,4,2,3,1
2258,32,1,3,2,1,2,1,1,0,0,5,2,4,3,3,1
2259,31,2,2,0,2,7,1,0,2,0,9,2,1,0,0,1
2260,38,1,3,2,2,6,2,0,4,0,13,3,1,0,0,1
2261,30,1,1,1,0,8,1,1,1,0,1,2,1,0,0,1
2262,35,1,3,3,1,7,0,1,7,0,14,2,12,11,2,1
2263,41,1,2,1,2,6,0,1,0,0,22,1,21,10,12,1
2264,30,2,1,1,0,7,0,1,2,0,10,3,8,7,7,1
2265,29,1,4,1,2,8,0,2,1,0,1,3,1,0,0,1
2266,28,1,3,1,1,6,2,1,1,0,4,3,3,2,1,1
2267,47,2,2,0,1,2,0,1,8,0,24,1,19,6,6,1
2268,28,2,0,0,1,1,1,1,2,0,4,4,0,0,0,1
2269,44,1,2,1,0,1,0,1,8,0,24,1,20,5,6,1
2270,49,1,4,0,2,7,2,0,3,0,19,3,4,3,3,1
2271,26,1,2,2,1,6,2,1,1,1,8,1,8,7,6,1
2272,50,1,1,0,0,3,1,2,2,0,18,2,4,2,3,1
2273,26,2,5,2,0,2,2,2,1,1,1,3,1,0,0,1
2274,28,1,3,0,0,6,2,1,4,0,5,3,3,2,2,1
2275,50,2,2,2,1,6,2,1,1,0,9,3,8,5,7,1
2276,31,2,2,0,1,3,0,1,6,0,12,2,9,7,7,1
2277,35,1,3,3,1,7,2,1,4,0,13,2,11,9,5,1
2278,18,1,2,1,2,8,2,2,1,1,0,2,0,0,0,1
2279,32,2,1,0,2,7,0,1,2,0,10,2,0,0,0,1
2280,33,1,2,0,2,7,0,1,0,1,5,2,4,2,2,1
2281,25,2,3,0,2,2,0,0,3,0,5,3,2,2,2,1
2282,52,1,1,1,2,6,1,0,7,0,10,2,5,3,1,1
2283,19,2,3,2,1,8,1,2,1,0,1,3,1,0,0,1
2284,24,1,0,2,0,1,1,1,1,0,1,2,1,0,0,1
2285,21,1,2,1,2,8,0,1,1,0,1,3,1,0,0,1
2286,33,1,1,3,2,5,1,0,1,1,10,3,10,2,7,1
2287,19,2,2,3,1,8,1,2,1,1,0,2,0,0,0,1
2288,47,1,1,1,2,7,2,1,4,0,9,2,5,3,2,1
2289,57,2,4,2,2,6,1,1,4,0,7,3,1,0,0,1
2290,34,2,4,3,2,6,1,2,0,1,9,2,8,7,7,1
2291,23,2,1,2,1,8,2,0,1,1,2,2,2,1,1,1
2292,22,2,2,2,2,2,0,1,1,1,1,5,0,0,0,1
2293,32,2,1,0,1,2,0,0,1,1,1,1,1,0,0,1
2294,32,1,3,2,2,6,3,1,1,1,10,2,10,8,8,1
2295,26,2,3,2,0,2,3,1,1,1,1,3,1,0,0,1
2296,25,2,2,1,2,6,2,1,2,1,6,1,2,0,0,1
2297,52,2,1,0,2,6,2,1,8,1,19,2,12,1,7,1
2298,34,1,2,0,0,0,1,1,4,0,13,2,1,0,0,1
2299,32,2,3,0,1,2,1,1,7,0,9,2,4,3,3,1
2300,39,1,1,0,1,2,0,2,2,1,10,2,2,1,1,1
2301,41,1,3,2,2,5,1,0,6,1,7,2,2,2,2,1
2302,50,2,3,3,2,0,1,1,5,0,13,2,9,7,7,1
2303,29,2,1,0,0,6,0,1,2,0,10,4,9,7,7,1
2304,38,2,2,1,2,0,0,1,6,0,16,2,1,0,0,1
2305,52,1,1,0,2,7,0,1,6,0,14,2,2,2,1,1
2306,28,1,4,0,1,8,2,0,3,0,5,3,3,2,2,1
2307,48,2,2,2,1,7,3,1,1,0,9,3,9,8,7,1
2308,46,2,1,2,2,7,1,1,3,0,12,2,8,7,7,1
2309,20,1,1,2,1,2,1,1,1,1,1,5,1,0,0,1
2310,29,1,1,2,1,5,0,1,1,0,10,2,10,8,8,1
2311,44,1,2,1,2,6,1,0,1,1,6,2,5,3,3,1
2312,29,2,3,0,1,6,2,0,8,1,4,3,2,2,2,1
2313,30,1,1,1,0,7,2,2,1,0,1,3,1,0,0,1
2314,20,1,1,2,1,2,0,2,1,0,1,5,1,0,0,1
2315,39,1,1,0,2,0,2,0,5,0,21,3,18,8,5,1
2316,28,2,2,0,0,6,2,1,4,1,5,3,3,2,1,1
2317,27,2,3,2,1,2,1,1,1,1,1,3,1,0,0,1
2318,23,2,1,2,2,2,0,1,1,0,1,4,1,0,0,1
2319,36,1,2,0,1,5,1,0,5,0,16,4,1,0,0,1
2320,31,2,3,3,2,4,1,1,1,0,10,3,10,2,7,1
2321,30,1,1,3,2,6,2,2,1,0,7,2,7,2,7,1
2322,32,2,2,1,1,4,2,1,6,1,14,2,7,6,7,1
2323,28,2,1,0,0,6,1,1,6,1,10,3,7,7,7,1
2324,42,2,3,1,1,2,0,1,5,0,23,0,20,10,6,1
2325,35,2,2,2,1,5,1,0,0,1,1,0,1,0,0,1
2326,37,2,1,2,2,2,0,0,4,0,7,2,4,2,3,1
2327,21,1,1,2,2,8,3,0,1,1,2,2,2,2,2,1
2328,41,1,2,1,2,7,1,1,1,1,4,4,4,3,2,1
2329,29,1,1,1,1,6,2,1,1,0,10,3,10,3,8,1
2330,49,1,1,0,1,2,0,1,3,0,20,2,4,2,3,1
2331,41,0,1,0,1,6,0,0,6,0,5,2,1,0,0,1
2332,49,2,2,1,2,5,1,0,4,0,26,1,6,5,3,1
2333,32,2,2,0,1,7,0,2,5,0,6,3,2,2,2,1
2334,31,1,1,0,2,2,1,1,6,0,8,2,3,2,2,1
2335,33,1,4,3,2,6,3,2,1,1,10,2,10,9,7,1
2336,30,1,1,0,1,6,0,1,1,0,1,2,1,0,0,1
2337,29,2,1,0,0,4,0,1,7,0,11,3,7,7,7,1
2338,19,2,5,0,1,1,0,2,1,0,1,2,1,0,0,1
2339,44,1,1,2,1,2,1,0,3,0,19,0,1,0,0,1
2340,23,1,5,0,1,8,1,2,1,1,5,3,4,2,3,1
2341,18,2,1,1,2,2,1,2,1,0,0,2,0,0,0,1
2342,33,2,3,0,0,2,3,0,6,0,7,2,3,2,2,1
2343,24,1,1,0,2,1,1,1,0,1,6,3,5,2,2,1
2344,28,1,5,0,2,7,1,1,4,0,6,3,4,2,0,1
2345,29,1,5,1,1,6,1,1,5,0,6,2,2,2,0,1
2346,40,2,2,1,2,7,0,2,0,0,4,4,4,2,2,1
2347,28,2,2,1,1,2,0,1,1,1,1,2,1,0,0,1
2348,41,0,2,1,2,6,1,0,6,0,6,2,1,1,1,1
2349,21,2,1,2,2,6,1,2,1,0,1,1,1,0,0,1
2350,28,2,4,2,1,3,2,0,5,0,5,2,3,1,2,1
2351,49,2,1,0,2,6,1,1,8,0,17,2,9,1,7,1
2352,31,1,1,1,1,8,0,1,1,0,1,2,1,0,0,1
2353,26,1,4,2,1,6,0,1,0,0,7,2,6,4,4,1
2354,31,0,2,2,1,6,0,2,0,1,3,0,3,2,2,1
2355,32,2,2,0,1,6,1,2,4,1,5,0,2,2,2,1
2356,28,2,2,2,1,6,2,1,0,0,4,3,4,3,1,1
2357,33,1,2,0,1,5,1,2,1,0,14,3,13,8,9,1
2358,37,1,3,1,2,5,2,0,5,0,14,4,1,0,0,1
2359,18,1,2,2,2,8,1,2,1,1,0,2,0,0,0,1
2360,29,1,1,1,1,7,1,1,1,0,1,2,1,0,0,1
2361,41,1,2,2,1,6,1,0,1,1,7,4,5,3,0,1
2362,31,2,1,1,0,6,2,1,4,1,12,2,7,6,7,1
2363,31,1,1,0,0,1,3,0,6,0,7,1,4,2,2,1
2364,54,2,4,2,1,3,3,1,0,0,35,3,34,7,8,1
2365,20,1,1,2,1,2,2,2,1,0,1,5,1,0,0,1
2366,42,1,2,0,1,0,0,0,8,0,23,1,19,6,5,1
2367,31,2,2,0,1,3,0,1,6,0,12,2,9,7,7,1
2368,35,1,3,3,1,7,2,1,3,0,13,2,11,9,6,1
2369,25,2,3,0,2,2,0,0,3,0,5,3,2,2,2,1
2370,27,2,1,2,2,6,2,1,1,0,8,2,8,2,7,1
2371,24,1,3,0,1,2,0,1,5,0,5,4,2,2,2,1
2372,32,2,1,0,2,2,2,2,1,0,1,2,1,0,0,1
2373,19,2,3,0,1,1,3,2,1,0,1,3,1,0,0,1
2374,32,1,3,2,0,6,2,1,1,0,14,2,13,7,8,1
2375,42,1,2,0,0,6,2,1,7,0,7,2,3,2,2,1
2376,32,1,3,0,0,6,2,1,1,0,14,3,13,7,8,1
2377,30,1,1,0,2,2,2,1,5,1,7,2,2,2,1,1
2378,29,2,1,1,1,2,0,1,1,0,1,1,1,0,0,1
2379,54,2,4,2,1,4,2,1,1,0,35,3,32,8,8,1
2380,28,1,1,0,1,2,0,0,1,0,1,1,1,0,0,1
2381,33,2,2,0,2,6,0,2,0,0,6,2,4,2,3,1
2382,45,1,1,0,1,7,2,2,5,0,7,2,4,3,3,1
2383,33,1,3,0,1,6,2,2,1,0,13,3,12,7,7,1
2384,18,2,1,1,1,2,2,2,1,0,0,2,0,0,0,1
2385,49,1,1,0,1,2,0,1,3,0,19,2,4,3,3,1
2386,27,1,0,0,1,1,1,1,1,0,1,2,1,0,0,1
2387,39,2,4,3,2,7,2,1,3,0,17,5,1,0,0,1
2388,29,1,0,1,1,1,2,0,5,0,5,0,3,2,1,1
2389,58,2,2,3,2,1,2,1,2,0,40,2,37,11,6,1
2390,31,1,2,1,2,6,3,1,1,1,10,3,10,7,8,1
2391,32,2,1,0,1,2,0,1,6,0,12,2,9,7,7,1
2392,18,1,2,1,2,8,1,2,1,1,0,2,0,0,0,1
2393,34,2,3,0,0,6,2,0,5,1,6,1,2,2,2,1
2394,56,2,1,2,1,4,1,1,5,0,38,2,31,14,8,1
2395,50,1,2,1,1,7,2,1,1,1,3,2,1,1,1,1
2396,39,1,3,2,2,6,2,0,4,1,10,2,1,0,0,1
2397,42,2,1,0,2,2,0,1,3,0,10,3,3,2,2,1
2398,19,1,1,0,1,2,2,2,1,0,1,2,1,0,0,1
2399,19,1,2,1,2,8,2,2,1,0,0,2,0,0,0,1
2400,41,1,2,1,2,6,0,1,0,0,22,1,21,11,11,1
2401,30,1,3,2,1,6,0,2,5,0,8,5,5,2,2,1
2402,27,2,5,2,1,6,0,1,5,0,6,2,3,2,1,1
2403,33,2,3,0,1,6,0,2,2,0,7,1,3,2,2,1
2404,28,2,1,1,1,2,1,1,1,1,1,2,1,0,0,1
2405,46,2,3,2,1,0,1,1,3,0,12,2,9,7,7,1
2406,33,1,2,3,0,8,2,0,0,0,2,2,1,1,0,1
2407,26,1,1,0,2,6,0,1,6,0,5,2,2,2,1,1
2408,30,2,2,0,1,7,2,2,1,0,1,3,1,0,0,1
2409,52,2,1,0,1,7,0,1,5,1,15,2,2,2,1,1
2410,21,2,1,2,1,2,0,1,1,0,1,6,1,0,0,1
2411,52,1,2,1,1,2,0,1,4,0,22,2,4,2,3,1
2412,28,2,1,2,1,2,2,1,5,0,6,3,4,1,3,1
2413,19,1,3,3,1,8,1,2,1,1,1,3,1,0,0,1
2414,26,1,2,2,2,7,0,0,0,0,5,2,4,3,2,1
2415,48,1,1,0,1,2,0,2,5,0,21,2,2,1,1,1
2416,28,1,2,1,1,6,2,1,1,0,9,2,9,4,8,1
2417,30,2,4,2,1,6,0,2,5,1,7,4,4,2,3,1
2418,28,2,3,0,0,6,2,1,5,0,5,3,2,2,1,1
2419,40,2,2,2,1,7,1,1,2,1,8,4,5,4,0,1
2420,18,0,2,0,1,6,1,2,1,1,0,2,0,0,0,1
2421,24,1,3,0,2,2,0,1,2,1,4,2,0,0,0,1
2422,37,2,2,2,2,3,0,0,4,0,7,2,4,2,3,1
2423,51,2,1,1,2,7,1,1,8,0,10,2,8,7,7,1
2424,35,1,1,2,2,7,3,2,1,1,10,2,10,7,7,1
2425,30,1,2,0,2,7,3,1,1,0,10,3,10,6,8,1
2426,18,1,1,2,1,2,2,2,1,0,0,2,0,0,0,1
2427,32,1,2,1,2,2,3,1,5,1,7,2,4,3,3,1
2428,33,2,1,0,0,5,1,1,4,0,9,1,0,0,0,1
2429,33,2,3,2,2,6,3,2,1,1,10,2,10,8,7,1
2430,46,2,3,2,1,2,1,1,2,0,11,2,9,7,7,1
2431,29,1,1,1,0,8,0,1,1,0,1,2,1,1,1,1
2432,31,1,1,0,1,2,3,0,6,0,7,2,2,2,2,1
2433,25,2,1,0,1,8,0,0,2,0,5,2,3,2,2,1
2434,30,1,1,1,0,8,1,1,1,0,1,2,1,0,0,1
2435,20,2,2,3,1,6,0,2,1,1,1,2,1,0,0,1
2436,35,1,1,0,1,3,1,1,2,1,8,1,1,0,0,1
2437,31,1,1,2,1,6,1,2,1,0,8,3,8,2,7,1
2438,32,2,2,0,0,6,1,1,3,1,4,0,2,2,2,1
2439,21,2,2,2,1,2,0,1,1,0,1,6,1,0,0,1
2440,32,1,1,1,1,3,1,2,1,0,9,2,9,7,6,1
2441,29,1,1,1,0,8,1,2,1,0,2,2,2,2,2,1
2442,28,1,1,0,1,2,0,0,1,0,1,1,1,0,0,1
2443,28,1,5,0,2,7,1,1,4,0,6,3,4,2,0,1
2444,34,1,2,3,1,7,2,0,0,0,4,0,3,2,1,1
2445,31,1,1,1,0,8,2,1,0,0,1,3,1,0,0,1
2446,25,2,4,2,1,2,2,1,1,1,7,3,7,7,6,1
2447,50,2,2,0,0,3,2,1,1,0,31,2,29,12,9,1
2448,35,2,2,0,0,6,2,0,5,1,7,1,1,1,1,1
2449,35,1,3,2,1,7,3,1,2,1,13,2,11,8,7,1
2450,27,1,2,0,0,2,1,0,1,0,1,2,1,0,0,1
2451,35,2,1,1,2,4,0,2,0,0,17,1,16,11,12,1
2452,34,2,1,0,2,1,0,0,1,0,1,1,1,0,0,1
2453,22,2,1,2,2,2,0,1,1,1,1,2,0,0,0,1
2454,32,2,1,0,2,7,0,1,2,0,10,2,0,0,0,1
2455,49,2,2,0,1,6,2,0,4,0,28,0,7,7,4,1
2456,29,2,3,0,1,7,2,0,6,1,4,3,2,2,2,1
2457,29,1,2,0,2,7,3,1,1,0,10,3,10,4,8,1
2458,36,2,1,1,1,7,0,1,6,0,11,3,4,2,2,1
2459,46,0,1,0,2,2,1,1,1,0,10,2,9,7,8,1
2460,50,1,4,1,2,6,1,1,3,1,18,3,4,2,3,1
2461,33,2,1,0,1,5,0,1,2,1,9,1,0,0,0,1
2462,35,1,1,1,1,6,2,1,1,0,15,5,15,7,7,1
2463,27,1,0,0,1,1,1,1,1,0,1,2,1,0,0,1
2464,34,1,2,0,0,0,1,1,4,0,13,2,1,0,0,1
2465,36,2,1,0,1,7,2,1,4,0,16,2,14,1,7,1
